PassengerId,Survived,Pclass,Name,Sex,Age,SibSp,Parch,Ticket,Fare,Cabin,Embarked
-1.730107956920867,-0.7892723355548015,0.8273772438659699,108,1,-0.5924805998028931,0.4327933656785018,-0.4736736092984604,523,-0.5024451714361923,47,2
-1.7223321908223463,1.266989801811655,0.8273772438659699,353,0,-0.2846631968415396,-0.47454519624983954,-0.4736736092984604,669,-0.4888542575852486,47,2
-1.718444307773086,1.266989801811655,-1.5661069258891576,272,0,0.40792595982150565,0.4327933656785018,-0.4736736092984604,49,0.4207302360686478,55,2
-1.7145564247238256,-0.7892723355548015,0.8273772438659699,15,1,0.40792595982150565,-0.47454519624983954,-0.4736736092984604,472,-0.4863374216869257,47,2
-1.7106685416745653,-0.7892723355548015,0.8273772438659699,554,1,0.0,-0.47454519624983954,-0.4736736092984604,275,-0.47811642890864375,47,1
-1.7067806586253047,-0.7892723355548015,-1.5661069258891576,515,1,1.8700586238879346,-0.47454519624983954,-0.4736736092984604,85,0.395813560675251,129,2
-1.6951170094775236,1.266989801811655,-0.3693648410115938,576,0,-1.2081154057256,0.4327933656785018,-0.4736736092984604,132,-0.04295550208861426,47,0
-1.6834533603297426,-0.7892723355548015,0.8273772438659699,729,1,-0.7463893012835698,-0.47454519624983954,-0.4736736092984604,535,-0.4863374216869257,47,2
-1.6756775942312219,-0.7892723355548015,0.8273772438659699,840,0,-1.2081154057256,-0.47454519624983954,-0.4736736092984604,413,-0.4902797934380587,47,2
-1.6640139450834406,1.266989801811655,-0.3693648410115938,867,1,0.0,-0.47454519624983954,-0.4736736092984604,151,-0.3866707201133388,47,2
-1.6601260620341802,-0.7892723355548015,0.8273772438659699,839,0,0.1001085568601522,0.4327933656785018,-0.4736736092984604,301,-0.2859972841804228,47,2
-1.6562381789849199,1.266989801811655,0.8273772438659699,512,0,0.0,-0.47454519624983954,-0.4736736092984604,184,-0.5029485386158568,47,0
-1.6523502959356595,-0.7892723355548015,-0.3693648410115938,273,1,0.40792595982150565,-0.47454519624983954,-0.4736736092984604,139,-0.12491978668775715,47,2
-1.6484624128863992,1.266989801811655,-0.3693648410115938,80,1,0.3309716090811673,-0.47454519624983954,-0.4736736092984604,152,-0.3866707201133388,111,2
-1.6445745298371388,1.266989801811655,0.8273772438659699,523,0,-1.1311610549852615,-0.47454519624983954,-0.4736736092984604,278,-0.4867562231804066,47,1
-1.6406866467878785,1.266989801811655,-1.5661069258891576,765,1,-0.1307544953608629,-0.47454519624983954,-0.4736736092984604,42,0.06635974158478332,13,2
-1.6290229976400974,-0.7892723355548015,0.8273772438659699,240,1,0.0,-0.47454519624983954,-0.4736736092984604,179,-0.5029485386158568,47,0
-1.6212472315415765,1.266989801811655,0.8273772438659699,605,0,0.0,-0.47454519624983954,-0.4736736092984604,283,-0.48977642625839407,47,1
-1.617359348492316,-0.7892723355548015,0.8273772438659699,813,1,0.0,-0.47454519624983954,-0.4736736092984604,362,-0.4894421904510968,47,2
-1.6134714654430558,-0.7892723355548015,-1.5661069258891576,828,1,0.7926977135231975,-0.47454519624983954,-0.4736736092984604,598,-0.09027201697708476,47,0
-1.605695699344535,1.266989801811655,0.8273772438659699,289,0,0.0,-0.47454519624983954,-0.4736736092984604,288,-0.49237782784290063,47,1
-1.594032050196754,-0.7892723355548015,-1.5661069258891576,372,1,0.9466064150038742,0.4327933656785018,-0.4736736092984604,43,0.39858208016340624,47,2
-1.5901441671474936,1.266989801811655,0.8273772438659699,505,1,0.0,-0.47454519624983954,-0.4736736092984604,202,-0.5028639729296732,47,0
-1.5862562840982333,-0.7892723355548015,0.8273772438659699,134,1,-0.6694349505432314,-0.47454519624983954,-0.4736736092984604,514,-0.4863374216869257,47,2
-1.5823684010489727,-0.7892723355548015,0.8273772438659699,837,0,-0.9002980027642465,1.340131927606843,-0.4736736092984604,302,-0.2859972841804228,47,2
-1.5784805179997123,1.266989801811655,0.8273772438659699,589,0,-1.2081154057256,0.4327933656785018,-0.4736736092984604,186,-0.42207354059350805,47,0
-1.574592634950452,-0.7892723355548015,0.8273772438659699,7,0,0.7926977135231975,0.4327933656785018,-0.4736736092984604,507,-0.4576454924460446,47,2
-1.5707047519011916,-0.7892723355548015,-0.3693648410115938,827,0,-0.20770884610120124,0.4327933656785018,-0.4736736092984604,53,-0.22559322262067316,47,2
-1.5668168688519313,-0.7892723355548015,0.8273772438659699,446,1,0.0,-0.47454519624983954,-0.4736736092984604,391,-0.4894421904510968,47,0
-1.5590411027534106,1.266989801811655,0.8273772438659699,212,0,-0.8233436520239081,-0.47454519624983954,-0.4736736092984604,282,-0.48977642625839407,47,1
-1.5551532197041502,-0.7892723355548015,0.8273772438659699,697,1,0.0,-0.47454519624983954,-0.4736736092984604,617,-0.4863374216869257,47,2
-1.5512653366548899,-0.7892723355548015,0.8273772438659699,473,1,0.0,0.4327933656785018,-0.4736736092984604,462,-0.3363340021468808,47,1
-1.5473774536056295,1.266989801811655,0.8273772438659699,604,0,0.0,-0.47454519624983954,-0.4736736092984604,76,-0.49237782784290063,47,1
-1.543489570556369,-0.7892723355548015,0.8273772438659699,726,1,0.0,1.340131927606843,-0.4736736092984604,190,-0.21191774308354583,47,0
-1.5396016875071086,-0.7892723355548015,0.8273772438659699,38,0,-0.9002980027642465,0.4327933656785018,-0.4736736092984604,377,-0.29002422161773944,47,2
-1.5318259214085879,-0.7892723355548015,0.8273772438659699,594,1,-0.6694349505432314,-0.47454519624983954,-0.4736736092984604,522,-0.4913710934835715,47,2
-1.5240501553100672,1.266989801811655,-0.3693648410115938,246,0,-0.05380014462052453,0.4327933656785018,-0.4736736092984604,239,-0.12491978668775715,47,2
-1.5162743892115464,1.266989801811655,-1.5661069258891576,873,1,0.0,-0.47454519624983954,-0.4736736092984604,94,0.06635974158478332,71,2
-1.512386506162286,1.266989801811655,-0.3693648410115938,707,0,-0.6694349505432314,-0.47454519624983954,-0.4736736092984604,555,-0.43700743807979686,47,2
-1.5084986231130257,-0.7892723355548015,0.8273772438659699,595,1,-0.0922773199906937,-0.47454519624983954,-0.4736736092984604,215,-0.5028639729296732,47,0
-1.4968349739652445,-0.7892723355548015,0.8273772438659699,749,1,-0.5924805998028931,-0.47454519624983954,-0.4736736092984604,197,-0.5028639729296732,47,0
-1.481283441768203,-0.7892723355548015,-1.5661069258891576,784,1,0.0,-0.47454519624983954,-0.4736736092984604,601,-0.09027201697708476,47,0
-1.4735076756696823,1.266989801811655,-0.3693648410115938,596,0,-0.05380014462052453,-0.47454519624983954,-0.4736736092984604,553,-0.43700743807979686,142,2
-1.469619792620422,-0.7892723355548015,0.8273772438659699,185,1,-0.8233436520239081,-0.47454519624983954,-0.4736736092984604,623,-0.4841568350646187,47,2
-1.461844026521901,-0.7892723355548015,0.8273772438659699,440,1,-0.2846631968415396,1.340131927606843,-0.4736736092984604,270,-0.47400492578514347,47,2
-1.4579561434726407,-0.7892723355548015,-0.3693648410115938,396,1,0.17706290760049057,-0.47454519624983954,-0.4736736092984604,557,-0.43700743807979686,47,2
-1.4462924943248596,-0.7892723355548015,0.8273772438659699,161,1,-0.2846631968415396,0.4327933656785018,-0.4736736092984604,204,-0.3573908580066095,47,0
-1.438516728226339,-0.7892723355548015,0.8273772438659699,546,1,-0.361617547581878,-0.47454519624983954,-0.4736736092984604,347,-0.494391296561559,140,2
-1.4346288451770786,-0.7892723355548015,0.8273772438659699,778,1,0.0,-0.47454519624983954,-0.4736736092984604,355,-0.4894421904510968,47,2
-1.4307409621278182,-0.7892723355548015,0.8273772438659699,563,1,0.0,-0.47454519624983954,-0.4736736092984604,473,-0.4863374216869257,47,2
-1.4229651960292975,1.266989801811655,0.8273772438659699,223,0,0.02315420611981384,-0.47454519624983954,-0.4736736092984604,432,-0.397241430886295,47,2
-1.419077312980037,-0.7892723355548015,0.8273772438659699,842,1,-0.5924805998028931,-0.47454519624983954,-0.4736736092984604,304,-0.46720946885967163,47,2
-1.4151894299307766,1.266989801811655,0.8273772438659699,737,1,-0.05380014462052453,-0.47454519624983954,-0.4736736092984604,311,-0.45714212526638004,47,2
-1.4113015468815162,1.266989801811655,0.8273772438659699,519,0,0.0,-0.47454519624983954,-0.4736736092984604,280,-0.49162277707340374,47,1
-1.4074136638322559,-0.7892723355548015,-1.5661069258891576,141,1,-0.1307544953608629,-0.47454519624983954,-0.4736736092984604,25,0.29992211294914856,47,2
-1.4035257807829955,1.266989801811655,-0.3693648410115938,386,0,-0.977252353504585,-0.47454519624983954,-0.4736736092984604,637,-0.43700743807979686,47,2
-1.3918621316352144,-0.7892723355548015,0.8273772438659699,764,1,0.0,-0.47454519624983954,-0.4736736092984604,652,-0.4863374216869257,47,2
-1.3840863655366937,-0.7892723355548015,0.8273772438659699,149,1,-0.4385718983222164,-0.47454519624983954,-0.4736736092984604,297,-0.4863374216869257,47,2
-1.3801984824874334,-0.7892723355548015,0.8273772438659699,159,1,-0.05380014462052453,-0.47454519624983954,-0.4736736092984604,298,-0.4863374216869257,47,2
-1.3763105994381728,-0.7892723355548015,0.8273772438659699,31,1,-0.7463893012835698,-0.47454519624983954,-0.4736736092984604,341,-0.4902797934380587,47,2
-1.3607590672411314,-0.7892723355548015,0.8273772438659699,740,1,0.0,-0.47454519624983954,-0.4736736092984604,475,-0.4863374216869257,47,2
-1.34520753504409,-0.7892723355548015,-0.3693648410115938,422,1,0.3309716090811673,0.4327933656785018,-0.4736736092984604,150,-0.12491978668775715,47,2
-1.3413196519948296,-0.7892723355548015,0.8273772438659699,656,0,-0.1307544953608629,-0.47454519624983954,-0.4736736092984604,384,-0.4894421904510968,47,2
-1.337431768945569,-0.7892723355548015,0.8273772438659699,658,1,0.0,-0.47454519624983954,-0.4736736092984604,361,-0.4894421904510968,47,2
-1.3296560028470483,-0.7892723355548015,0.8273772438659699,405,1,0.25401725834082894,-0.47454519624983954,-0.4736736092984604,505,-0.4741720436887921,47,2
-1.325768119797788,-0.7892723355548015,0.8273772438659699,312,1,0.5618346613021824,1.340131927606843,-0.4736736092984604,245,-0.4888542575852486,47,2
-1.3218802367485276,-0.7892723355548015,0.8273772438659699,542,1,-0.1307544953608629,-0.47454519624983954,-0.4736736092984604,354,-0.4894421904510968,47,2
-1.3179923536992673,1.266989801811655,0.8273772438659699,724,0,-0.6694349505432314,-0.47454519624983954,-0.4736736092984604,296,-0.494391296561559,47,2
-1.314104470650007,1.266989801811655,0.8273772438659699,559,1,0.0,-0.47454519624983954,-0.4736736092984604,254,-0.4918744606632361,47,2
-1.3102165876007466,-0.7892723355548015,0.8273772438659699,675,1,0.6387890120425208,-0.47454519624983954,-0.4736736092984604,388,-0.4894421904510968,47,2
-1.3063287045514862,1.266989801811655,0.8273772438659699,552,0,0.0,0.4327933656785018,-0.4736736092984604,469,-0.1621689579829361,47,1
-1.3024408215022258,-0.7892723355548015,-1.5661069258891576,667,1,1.3313781687055661,-0.47454519624983954,-0.4736736092984604,2,0.39858208016340624,52,2
-1.2985529384529655,-0.7892723355548015,0.8273772438659699,882,0,-1.169638230355431,0.4327933656785018,-0.4736736092984604,193,-0.3573908580066095,47,0
-1.294665055403705,-0.7892723355548015,0.8273772438659699,67,1,-0.5924805998028931,-0.47454519624983954,-0.4736736092984604,274,-0.4863374216869257,47,2
-1.2907771723544446,-0.7892723355548015,0.8273772438659699,417,0,-0.7463893012835698,0.4327933656785018,-0.4736736092984604,491,-0.4505983519307405,47,2
-1.2868892893051842,-0.7892723355548015,0.8273772438659699,46,0,-0.977252353504585,-0.47454519624983954,-0.4736736092984604,176,-0.3573083057891445,47,0
-1.2830014062559238,-0.7892723355548015,0.8273772438659699,645,1,-0.6694349505432314,-0.47454519624983954,-0.4736736092984604,666,-0.4888542575852486,47,2
-1.2752256401574031,-0.7892723355548015,-0.3693648410115938,826,1,-0.05380014462052453,0.4327933656785018,-0.4736736092984604,53,-0.22559322262067316,47,2
-1.2596741079603617,-0.7892723355548015,0.8273772438659699,551,1,0.0,-0.47454519624983954,-0.4736736092984604,540,-0.4863374216869257,47,2
-1.2557862249111011,-0.7892723355548015,-0.3693648410115938,575,1,0.21554008297065974,0.4327933656785018,-0.4736736092984604,132,-0.04295550208861426,47,0
-1.2518983418618408,1.266989801811655,-0.3693648410115938,848,0,0.21554008297065974,-0.47454519624983954,-0.4736736092984604,219,-0.3866707201133388,116,2
-1.24412257576332,1.266989801811655,0.8273772438659699,588,1,-1.3620241072062766,0.4327933656785018,-0.4736736092984604,186,-0.42207354059350805,47,0
-1.2402346927140597,-0.7892723355548015,0.8273772438659699,525,1,0.0,-0.47454519624983954,-0.4736736092984604,463,-0.49237782784290063,47,1
-1.2363468096647994,1.266989801811655,0.8273772438659699,499,1,-0.4385718983222164,-0.47454519624983954,-0.4736736092984604,541,-0.5046257580584992,47,2
-1.2285710435662787,-0.7892723355548015,0.8273772438659699,234,1,1.1774694672248893,-0.47454519624983954,-0.4736736092984604,318,-0.5079822104125026,47,2
-1.2246831605170183,-0.7892723355548015,0.8273772438659699,225,1,0.25401725834082894,-0.47454519624983954,-0.4736736092984604,380,-0.4894421904510968,47,0
-1.220795277467758,-0.7892723355548015,0.8273772438659699,165,1,-0.7463893012835698,-0.47454519624983954,-0.4736736092984604,640,-0.5064721088735089,47,2
-1.2169073944184976,-0.7892723355548015,0.8273772438659699,695,0,1.3313781687055661,0.4327933656785018,-0.4736736092984604,537,-0.35646868933346404,47,2
-1.213019511369237,1.266989801811655,-0.3693648410115938,851,0,-0.05380014462052453,0.4327933656785018,-0.4736736092984604,111,-0.12491978668775715,47,2
-1.2091316283199767,-0.7892723355548015,-0.3693648410115938,772,1,-0.361617547581878,-0.47454519624983954,-0.4736736092984604,552,-0.3866707201133388,47,2
-1.2052437452707163,-0.7892723355548015,-0.3693648410115938,685,1,-0.5155262490625547,-0.47454519624983954,-0.4736736092984604,630,-0.3454791770670269,47,0
-1.1974679791721956,-0.7892723355548015,-1.5661069258891576,271,1,0.5618346613021824,0.4327933656785018,-0.4736736092984604,49,0.4207302360686478,55,2
-1.1935800961229353,-0.7892723355548015,0.8273772438659699,618,1,-1.0542067042449232,-0.47454519624983954,-0.4736736092984604,504,-0.4628462821463391,47,2
-1.1819164469751542,1.266989801811655,0.8273772438659699,597,0,-0.5924805998028931,-0.47454519624983954,-0.4736736092984604,332,-0.49237782784290063,47,2
-1.1780285639258938,1.266989801811655,0.8273772438659699,319,0,-0.4385718983222164,0.4327933656785018,-0.4736736092984604,668,-0.32928686163157667,47,2
-1.1741406808766333,-0.7892723355548015,0.8273772438659699,116,1,-0.8233436520239081,-0.47454519624983954,-0.4736736092984604,438,-0.5125125150294839,47,1
-1.170252797827373,-0.7892723355548015,-0.3693648410115938,32,1,-0.9002980027642465,-0.47454519624983954,-0.4736736092984604,118,-0.41687275089321363,47,2
-1.1624770317288522,1.266989801811655,0.8273772438659699,29,1,-0.20770884610120124,-0.47454519624983954,-0.4736736092984604,405,-0.49145565916975514,47,2
-1.1508133825810711,-0.7892723355548015,-0.3693648410115938,121,1,0.9466064150038742,-0.47454519624983954,-0.4736736092984604,147,-0.3866707201133388,47,2
-1.1469254995318108,-0.7892723355548015,-0.3693648410115938,68,1,1.6391955716669195,-0.47454519624983954,-0.4736736092984604,622,-0.39623469652696586,47,2
-1.1313739673347691,-0.7892723355548015,0.8273772438659699,612,1,0.0,-0.47454519624983954,-0.4736736092984604,573,-0.5011867534870308,47,2
-1.1235982012362484,1.266989801811655,0.8273772438659699,287,0,-1.0542067042449232,-0.47454519624983954,-0.4736736092984604,418,-0.49271407711891657,47,1
-1.119710318186988,-0.7892723355548015,0.8273772438659699,181,1,0.02315420611981384,-0.47454519624983954,-0.4736736092984604,654,-0.4863374216869257,47,2
-1.1158224351377277,-0.7892723355548015,0.8273772438659699,767,1,0.0,-0.47454519624983954,-0.4736736092984604,258,-0.47400492578514347,47,2
-1.1041587859899467,1.266989801811655,-0.3693648410115938,847,0,0.7926977135231975,-0.47454519624983954,-0.4736736092984604,559,-0.331300330350235,47,2
-1.1002709029406863,-0.7892723355548015,0.8273772438659699,82,1,-0.2846631968415396,-0.47454519624983954,-0.4736736092984604,323,-0.4918744606632361,47,2
-1.096383019891426,-0.7892723355548015,0.8273772438659699,129,1,-0.977252353504585,-0.47454519624983954,-0.4736736092984604,265,-0.47400492578514347,47,2
-1.076943604645124,-0.7892723355548015,-1.5661069258891576,69,1,0.0,-0.47454519624983954,-0.4736736092984604,576,-0.12642988822675086,47,2
-1.0575041893988222,-0.7892723355548015,0.8273772438659699,752,1,-0.6694349505432314,-0.47454519624983954,-0.4736736092984604,659,-0.4888542575852486,47,2
-1.0419526572017805,-0.7892723355548015,-1.5661069258891576,388,0,1.5622412209265812,-0.47454519624983954,-0.4736736092984604,593,-0.07030444769415023,69,0
-1.0380647741525202,-0.7892723355548015,-0.3693648410115938,320,1,0.02315420611981384,-0.47454519624983954,-0.4736736092984604,169,-0.3866707201133388,47,2
-1.0341768911032598,-0.7892723355548015,0.8273772438659699,474,1,0.48488031056184405,-0.47454519624983954,-0.4736736092984604,574,-0.6484216535389205,47,2
-1.0264011250047391,-0.7892723355548015,-0.3693648410115938,650,1,0.0,-0.47454519624983954,-0.4736736092984604,629,-0.34539461138084326,47,0
-1.0108495928076977,-0.7892723355548015,-1.5661069258891576,700,1,0.0,-0.47454519624983954,-0.4736736092984604,34,0.3583127057902398,9,2
-1.0069617097584371,1.266989801811655,0.8273772438659699,601,0,0.0,0.4327933656785018,-0.4736736092984604,459,-0.3363340021468808,47,1
-1.0030738267091768,1.266989801811655,-1.5661069258891576,698,1,1.1774694672248893,-0.47454519624983954,-0.4736736092984604,11,-0.11384570873513637,47,2
-0.9952980606106561,-0.7892723355548015,0.8273772438659699,823,1,0.48488031056184405,-0.47454519624983954,-0.4736736092984604,386,-0.4894421904510968,47,2
-0.9914101775613957,1.266989801811655,-0.3693648410115938,664,0,0.17706290760049057,-0.47454519624983954,-0.4736736092984604,122,-0.3866707201133388,47,2
-0.9875222945121354,-0.7892723355548015,-0.3693648410115938,136,1,-0.8233436520239081,-0.47454519624983954,-0.4736736092984604,227,-0.3866707201133388,47,2
-0.983634411462875,1.266989801811655,0.8273772438659699,20,0,-0.8233436520239081,0.4327933656785018,-0.4736736092984604,406,-0.4902797934380587,47,2
-0.9758586453643542,1.266989801811655,-1.5661069258891576,113,0,1.100515116484551,-0.47454519624983954,-0.4736736092984604,604,-0.09027201697708476,28,0
-0.9680828792658335,-0.7892723355548015,0.8273772438659699,533,1,0.0,-0.47454519624983954,-0.4736736092984604,452,-0.49237782784290063,47,1
-0.9603071131673128,1.266989801811655,0.8273772438659699,497,0,0.0,-0.47454519624983954,-0.4736736092984604,461,-0.49237782784290063,47,1
-0.9564192301180523,-0.7892723355548015,-0.3693648410115938,881,0,-0.4385718983222164,-0.47454519624983954,-0.4736736092984604,160,-0.3866707201133388,47,2
-0.952531347068792,-0.7892723355548015,0.8273772438659699,834,1,-0.1307544953608629,-0.47454519624983954,-0.4736736092984604,306,-0.45714212526638004,47,2
-0.9447555809702712,-0.7892723355548015,0.8273772438659699,403,1,0.3309716090811673,-0.47454519624983954,-0.4736736092984604,242,-0.5176307525123133,47,2
-0.9408676979210109,-0.7892723355548015,0.8273772438659699,878,1,1.2159466425950585,-0.47454519624983954,-0.4736736092984604,177,-0.5029485386158568,47,0
-0.9369798148717504,1.266989801811655,0.8273772438659699,166,1,-0.9002980027642465,-0.47454519624983954,-0.4736736092984604,530,-0.4863374216869257,47,2
-0.9292040487732297,-0.7892723355548015,0.8273772438659699,51,1,0.17706290760049057,0.4327933656785018,-0.4736736092984604,247,-0.32928686163157667,47,2
-0.9253161657239694,1.266989801811655,0.8273772438659699,9,1,-0.2846631968415396,-0.47454519624983954,-0.4736736092984604,216,-0.2701412180209885,47,0
-0.921428282674709,1.266989801811655,0.8273772438659699,140,0,-1.0542067042449232,-0.47454519624983954,-0.4736736092984604,445,-0.49237782784290063,47,1
-0.9175403996254486,1.266989801811655,-1.5661069258891576,94,1,0.7926977135231975,-0.47454519624983954,-0.4736736092984604,17,-0.024246350754841113,8,0
-0.9136525165761882,-0.7892723355548015,0.8273772438659699,12,1,-0.4385718983222164,-0.47454519624983954,-0.4736736092984604,642,-0.5064721088735089,47,2
-0.9097646335269278,1.266989801811655,-0.3693648410115938,131,0,0.40792595982150565,-0.47454519624983954,-0.4736736092984604,570,-0.22559322262067316,47,2
-0.9058767504776675,-0.7892723355548015,0.8273772438659699,649,1,-0.5924805998028931,-0.47454519624983954,-0.4736736092984604,526,-0.5024451714361923,47,2
-0.9019888674284071,-0.7892723355548015,-0.3693648410115938,288,1,0.02315420611981384,-0.47454519624983954,-0.4736736092984604,163,-0.3866707201133388,47,2
-0.8981009843791468,-0.7892723355548015,0.8273772438659699,437,1,0.0,0.4327933656785018,-0.4736736092984604,443,-0.49237782784290063,47,1
-0.8903252182806259,1.266989801811655,0.8273772438659699,375,0,-0.20770884610120124,-0.47454519624983954,-0.4736736092984604,670,-0.4888542575852486,47,2
-0.8864373352313656,-0.7892723355548015,-0.3693648410115938,390,1,0.9466064150038742,0.4327933656785018,-0.4736736092984604,142,-0.10478509950117394,47,2
-0.8786615691328449,-0.7892723355548015,-0.3693648410115938,338,1,0.02315420611981384,-0.47454519624983954,-0.4736736092984604,679,-0.43700743807979686,47,2
-0.8747736860835844,1.266989801811655,0.8273772438659699,791,1,-1.0542067042449232,-0.47454519624983954,-0.4736736092984604,653,-0.4863374216869257,47,2
-0.8708858030343241,-0.7892723355548015,-0.3693648410115938,105,1,-0.20770884610120124,-0.47454519624983954,-0.4736736092984604,105,-0.3866707201133388,47,2
-0.8669979199850637,-0.7892723355548015,0.8273772438659699,306,1,1.6391955716669195,-0.47454519624983954,-0.4736736092984604,102,-0.4863374216869257,47,2
-0.8631100369358033,-0.7892723355548015,0.8273772438659699,581,1,0.0,-0.47454519624983954,-0.4736736092984604,375,-0.4894421904510968,47,2
-0.8553342708372826,-0.7892723355548015,0.8273772438659699,83,1,-0.5924805998028931,-0.47454519624983954,-0.4736736092984604,615,-0.4601623283443675,47,2
-0.8514463877880222,1.266989801811655,-0.3693648410115938,531,1,-0.8233436520239081,-0.47454519624983954,-0.4736736092984604,672,-0.43700743807979686,47,2
-0.8475585047387618,-0.7892723355548015,0.8273772438659699,492,1,-0.7079121259134006,-0.47454519624983954,-0.4736736092984604,525,-0.5024451714361923,47,2
-0.8436706216895015,-0.7892723355548015,-0.3693648410115938,243,1,-0.9002980027642465,-0.47454519624983954,-0.4736736092984604,125,-0.3866707201133388,47,2
-0.8320069725417203,-0.7892723355548015,0.8273772438659699,460,1,-0.05380014462052453,-0.47454519624983954,-0.4736736092984604,322,-0.4918744606632361,47,2
-0.8203433233939392,-0.7892723355548015,-0.3693648410115938,479,1,-0.4385718983222164,-0.47454519624983954,-0.4736736092984604,554,-0.43700743807979686,47,2
-0.8164554403446789,-0.7892723355548015,0.8273772438659699,329,0,0.0,-0.47454519624983954,-0.4736736092984604,677,-0.49640476528021726,47,2
-0.8125675572954184,-0.7892723355548015,-0.3693648410115938,370,1,1.100515116484551,0.4327933656785018,-0.4736736092984604,198,-0.12491978668775715,47,2
-0.8047917911968977,-0.7892723355548015,-0.3693648410115938,648,1,-0.8233436520239081,-0.47454519624983954,-0.4736736092984604,231,-0.43700743807979686,47,2
-0.8009039081476373,-0.7892723355548015,-0.3693648410115938,383,1,0.25401725834082894,-0.47454519624983954,-0.4736736092984604,636,-0.4012683683236117,47,2
-0.797016025098377,-0.7892723355548015,0.8273772438659699,883,0,0.0,0.4327933656785018,-0.4736736092984604,193,-0.3573908580066095,47,0
-0.7931281420491166,1.266989801811655,0.8273772438659699,567,0,0.0,0.4327933656785018,-0.4736736092984604,444,-0.3363340021468808,47,1
-0.7892402589998562,-0.7892723355548015,-0.3693648410115938,169,1,-0.05380014462052453,-0.47454519624983954,-0.4736736092984604,674,-0.43700743807979686,47,2
-0.7853523759505958,-0.7892723355548015,0.8273772438659699,500,1,-0.5924805998028931,-0.47454519624983954,-0.4736736092984604,658,-0.5049620073345151,47,2
-0.7814644929013355,-0.7892723355548015,0.8273772438659699,47,1,0.02315420611981384,-0.47454519624983954,-0.4736736092984604,213,-0.5029485386158568,47,0
-0.7736887268028148,-0.7892723355548015,0.8273772438659699,481,0,-0.361617547581878,-0.47454519624983954,-0.4736736092984604,325,-0.4918744606632361,47,2
-0.7620250776550336,-0.7892723355548015,-0.3693648410115938,147,1,1.8700586238879346,0.4327933656785018,-0.4736736092984604,144,-0.12491978668775715,47,2
-0.7581371946057732,-0.7892723355548015,0.8273772438659699,673,1,0.0,-0.47454519624983954,-0.4736736092984604,422,-0.5024451714361923,47,2
-0.746473545457992,-0.7892723355548015,0.8273772438659699,487,1,0.02315420611981384,0.4327933656785018,-0.4736736092984604,536,-0.32425318983493084,47,2
-0.7192583641131695,-0.7892723355548015,0.8273772438659699,771,1,0.0,-0.47454519624983954,-0.4736736092984604,482,-0.49237782784290063,47,1
-0.7075947149653883,-0.7892723355548015,-1.5661069258891576,340,1,0.7926977135231975,-0.47454519624983954,-0.4736736092984604,16,-0.6484216535389205,46,2
-0.7037068319161279,-0.7892723355548015,0.8273772438659699,356,0,0.0,-0.47454519624983954,-0.4736736092984604,478,-0.49237782784290063,47,1
-0.6998189488668676,-0.7892723355548015,-0.3693648410115938,674,1,0.48488031056184405,-0.47454519624983954,-0.4736736092984604,546,-0.43700743807979686,47,2
-0.6920431827683469,1.266989801811655,0.8273772438659699,652,1,-0.361617547581878,0.4327933656785018,-0.4736736092984604,334,-0.4918744606632361,47,2
-0.6803795336205657,-0.7892723355548015,-1.5661069258891576,125,1,0.0,-0.47454519624983954,-0.4736736092984604,47,-0.024246350754841113,47,2
-0.6764916505713053,1.266989801811655,0.8273772438659699,817,1,-0.361617547581878,-0.47454519624983954,-0.4736736092984604,574,-0.6484216535389205,47,2
-0.6648280014235242,1.266989801811655,0.8273772438659699,350,0,0.0,-0.47454519624983954,-0.4736736092984604,465,-0.49237782784290063,47,1
-0.6570522353250035,-0.7892723355548015,0.8273772438659699,482,0,1.1774694672248893,-0.47454519624983954,-0.4736736092984604,326,-0.49237782784290063,47,2
-0.6531643522757431,-0.7892723355548015,-0.3693648410115938,634,1,0.0,-0.47454519624983954,-0.4736736092984604,135,-0.6484216535389205,47,2
-0.6376128200787016,-0.7892723355548015,0.8273772438659699,614,1,-0.1307544953608629,-0.47454519624983954,-0.4736736092984604,340,-0.4902797934380587,47,2
-0.6337249370294412,-0.7892723355548015,0.8273772438659699,887,1,-1.0542067042449232,-0.47454519624983954,-0.4736736092984604,310,-0.45714212526638004,47,2
-0.6298370539801809,1.266989801811655,0.8273772438659699,221,1,-0.8233436520239081,-0.47454519624983954,-0.4736736092984604,533,-0.4863374216869257,47,2
-0.6259491709309204,-0.7892723355548015,-1.5661069258891576,770,1,0.0,-0.47454519624983954,-0.4736736092984604,24,-0.12491978668775715,3,2
-0.62206128788166,-0.7892723355548015,0.8273772438659699,779,1,0.25401725834082894,-0.47454519624983954,-0.4736736092984604,378,-0.47400492578514347,47,0
-0.6181734048323997,1.266989801811655,0.8273772438659699,886,1,0.02315420611981384,-0.47454519624983954,-0.4736736092984604,308,-0.45714212526638004,47,2
-0.6142855217831393,-0.7892723355548015,0.8273772438659699,570,1,-0.5924805998028931,-0.47454519624983954,-0.4736736092984604,353,-0.4894421904510968,47,2
-0.610397638733879,1.266989801811655,-0.3693648410115938,378,1,0.9466064150038742,-0.47454519624983954,-0.4736736092984604,134,-0.3866707201133388,47,2
-0.6065097556846185,1.266989801811655,0.8273772438659699,177,0,-0.5924805998028931,-0.47454519624983954,-0.4736736092984604,464,-0.49237782784290063,47,1
-0.5948461065368374,-0.7892723355548015,-0.3693648410115938,477,1,0.48488031056184405,-0.47454519624983954,-0.4736736092984604,635,-0.3891875560116617,90,0
-0.5909582234875771,-0.7892723355548015,0.8273772438659699,315,0,-0.4385718983222164,-0.47454519624983954,-0.4736736092984604,376,-0.4702296719376591,47,2
-0.5870703404383166,-0.7892723355548015,0.8273772438659699,541,1,-0.4385718983222164,-0.47454519624983954,-0.4736736092984604,374,-0.4894421904510968,47,2
-0.5831824573890563,-0.7892723355548015,-1.5661069258891576,478,1,0.0,-0.47454519624983954,-0.4736736092984604,606,-0.09027201697708476,47,0
-0.5792945743397959,-0.7892723355548015,0.8273772438659699,324,1,-0.47704907369238553,-0.47454519624983954,-0.4736736092984604,212,-0.5028639729296732,47,0
-0.5715188082412752,1.266989801811655,-1.5661069258891576,714,1,0.0,-0.47454519624983954,-0.4736736092984604,98,-0.034313694348132716,51,2
-0.5637430421427544,1.266989801811655,0.8273772438659699,431,0,0.0,-0.47454519624983954,-0.4736736092984604,513,-0.49237782784290063,47,1
-0.559855159093494,1.266989801811655,0.8273772438659699,518,1,0.0,1.340131927606843,-0.4736736092984604,441,-0.18029017645086096,47,1
-0.5559672760442337,-0.7892723355548015,0.8273772438659699,411,1,-0.8233436520239081,-0.47454519624983954,-0.4736736092984604,574,-0.6484216535389205,47,2
-0.5520793929949733,1.266989801811655,-0.3693648410115938,428,0,0.0,-0.47454519624983954,-0.4736736092984604,109,-0.3997582667846179,116,1
-0.548191509945713,-0.7892723355548015,0.8273772438659699,868,1,0.0,-0.47454519624983954,-0.4736736092984604,527,-0.4863374216869257,47,2
-0.5326399777486714,-0.7892723355548015,-0.3693648410115938,3,1,0.02315420611981384,0.4327933656785018,-0.4736736092984604,575,-0.16518916106092355,47,0
-0.5132005625023696,-0.7892723355548015,0.8273772438659699,355,1,-0.1307544953608629,-0.47454519624983954,-0.4736736092984604,382,-0.4894421904510968,47,2
-0.5054247964038489,1.266989801811655,0.8273772438659699,590,0,-0.2846631968415396,-0.47454519624983954,-0.4736736092984604,343,-0.4902797934380587,47,2
-0.5015369133545884,1.266989801811655,-0.3693648410115938,423,0,-0.4385718983222164,0.4327933656785018,-0.4736736092984604,150,-0.12491978668775715,47,2
-0.49764903030532803,-0.7892723355548015,-0.3693648410115938,555,1,1.8700586238879346,-0.47454519624983954,-0.4736736092984604,232,-0.36653603292675563,47,2
-0.4859853811575469,-0.7892723355548015,0.8273772438659699,211,1,-0.5924805998028931,-0.47454519624983954,-0.4736736092984604,524,-0.5024451714361923,47,2
-0.48209749810828656,-0.7892723355548015,0.8273772438659699,200,1,-0.20770884610120124,-0.47454519624983954,-0.4736736092984604,365,-0.4894421904510968,47,2
-0.47820961505902615,1.266989801811655,-0.3693648410115938,762,0,0.02315420611981384,-0.47454519624983954,-0.4736736092984604,124,-0.3997582667846179,47,1
-0.4587701998127243,1.266989801811655,-0.3693648410115938,60,0,0.48488031056184405,-0.47454519624983954,-0.4736736092984604,229,-0.3866707201133388,90,2
-0.44710655066494315,1.266989801811655,0.8273772438659699,517,0,0.0,1.340131927606843,-0.4736736092984604,441,-0.18029017645086096,47,1
-0.4432186676156828,-0.7892723355548015,-1.5661069258891576,637,1,1.2159466425950585,-0.47454519624983954,-0.4736736092984604,20,-0.07458306872129913,56,2
-0.43544290151716203,-0.7892723355548015,0.8273772438659699,838,1,-1.0542067042449232,1.340131927606843,-0.4736736092984604,302,-0.2859972841804228,47,2
-0.4276671354186413,-0.7892723355548015,0.8273772438659699,210,1,0.0,-0.47454519624983954,-0.4736736092984604,370,-0.4894421904510968,47,2
-0.41600348627086015,1.266989801811655,0.8273772438659699,192,1,1.1774694672248893,-0.47454519624983954,-0.4736736092984604,510,-0.4863374216869257,47,2
-0.4121156032215998,-0.7892723355548015,-1.5661069258891576,93,1,1.1774694672248893,-0.47454519624983954,-0.4736736092984604,39,0.06635974158478332,146,2
-0.4004519540738187,-0.7892723355548015,-0.3693648410115938,170,1,-0.1307544953608629,-0.47454519624983954,-0.4736736092984604,159,-0.3866707201133388,47,2
-0.3965640710245583,-0.7892723355548015,-0.3693648410115938,733,1,-0.361617547581878,-0.47454519624983954,-0.4736736092984604,149,-0.3866707201133388,47,2
-0.3926761879752979,-0.7892723355548015,-0.3693648410115938,262,1,0.48488031056184405,-0.47454519624983954,-0.4736736092984604,112,-0.3866707201133388,47,2
-0.38878830492603755,1.266989801811655,-0.3693648410115938,111,0,-0.4385718983222164,-0.47454519624983954,-0.4736736092984604,157,-0.3866707201133388,142,2
-0.38490042187677714,1.266989801811655,-0.3693648410115938,768,0,0.7926977135231975,-0.47454519624983954,-0.4736736092984604,257,-0.3866707201133388,47,2
-0.3810125388275168,1.266989801811655,0.8273772438659699,207,0,0.0,0.4327933656785018,-0.4736736092984604,483,-0.32425318983493084,47,2
-0.373236772728996,-0.7892723355548015,0.8273772438659699,215,1,0.9466064150038742,-0.47454519624983954,-0.4736736092984604,262,-0.47400492578514347,47,2
-0.36934888967973567,-0.7892723355548015,0.8273772438659699,608,1,-0.5155262490625547,-0.47454519624983954,-0.4736736092984604,503,-0.4626791642426904,47,2
-0.36546100663047526,-0.7892723355548015,-1.5661069258891576,870,1,0.0,-0.47454519624983954,-0.4736736092984604,30,0.05629239799149171,59,2
-0.35768524053195455,-0.7892723355548015,0.8273772438659699,37,1,-0.361617547581878,0.4327933656785018,-0.4736736092984604,377,-0.29002422161773944,47,2
-0.35379735748269414,-0.7892723355548015,0.8273772438659699,879,1,0.0,-0.47454519624983954,-0.4736736092984604,182,-0.5029485386158568,47,0
-0.3499094744334338,-0.7892723355548015,0.8273772438659699,835,1,-0.1307544953608629,-0.47454519624983954,-0.4736736092984604,314,-0.45714212526638004,47,2
-0.342133708334913,-0.7892723355548015,-0.3693648410115938,270,0,0.6387890120425208,-0.47454519624983954,-0.4736736092984604,131,-0.3866707201133388,47,2
-0.33824582528565267,1.266989801811655,0.8273772438659699,522,0,0.0,-0.47454519624983954,-0.4736736092984604,279,-0.48977642625839407,47,1
-0.33435794223639226,1.266989801811655,0.8273772438659699,545,0,0.0,-0.47454519624983954,-0.4736736092984604,285,-0.48977642625839407,47,1
-0.32658217613787155,-0.7892723355548015,-0.3693648410115938,888,1,-0.05380014462052453,0.4327933656785018,-0.4736736092984604,633,-0.09027201697708476,47,0
-0.3188064100393508,-0.7892723355548015,0.8273772438659699,40,1,0.40792595982150565,-0.47454519624983954,-0.4736736092984604,641,-0.5064721088735089,47,2
-0.31491852699009043,-0.7892723355548015,0.8273772438659699,599,1,0.0,0.4327933656785018,-0.4736736092984604,459,-0.3363340021468808,47,1
-0.31103064394083,-0.7892723355548015,0.8273772438659699,5,1,0.02315420611981384,-0.47454519624983954,-0.4736736092984604,544,-0.5024451714361923,47,2
-0.30325487784230926,1.266989801811655,0.8273772438659699,562,0,0.0,-0.47454519624983954,-0.4736736092984604,175,-0.5028639729296732,47,0
-0.2993669947930489,1.266989801811655,0.8273772438659699,400,0,0.0,-0.47454519624983954,-0.4736736092984604,78,-0.49237782784290063,47,1
-0.2877033456452678,-0.7892723355548015,0.8273772438659699,863,1,-0.9002980027642465,0.4327933656785018,-0.4736736092984604,244,-0.5176307525123133,47,2
-0.28381546259600743,-0.7892723355548015,0.8273772438659699,75,1,-0.8233436520239081,-0.47454519624983954,-0.4736736092984604,273,-0.4863374216869257,47,2
-0.2682639303989659,1.266989801811655,0.8273772438659699,454,0,-0.5924805998028931,-0.47454519624983954,-0.4736736092984604,545,-0.5024451714361923,47,2
-0.26048816430044514,-0.7892723355548015,0.8273772438659699,85,1,-0.7463893012835698,-0.47454519624983954,-0.4736736092984604,183,-0.5676312212027554,47,0
-0.2566002812511848,-0.7892723355548015,0.8273772438659699,314,1,-0.8233436520239081,-0.47454519624983954,-0.4736736092984604,324,-0.4918744606632361,47,2
-0.24493663210340366,-0.7892723355548015,0.8273772438659699,811,1,0.17706290760049057,-0.47454519624983954,-0.4736736092984604,665,-0.4888542575852486,47,2
-0.24104874905414328,1.266989801811655,-1.5661069258891576,373,0,0.40792595982150565,0.4327933656785018,-0.4736736092984604,43,0.39858208016340624,47,2
-0.2371608660048829,-0.7892723355548015,0.8273772438659699,665,1,0.0,-0.47454519624983954,-0.4736736092984604,371,-0.4894421904510968,47,2
-0.22549721685710178,1.266989801811655,-0.3693648410115938,118,0,0.48488031056184405,-0.47454519624983954,-0.4736736092984604,220,-0.3866707201133388,47,2
-0.2216093338078414,-0.7892723355548015,0.8273772438659699,715,1,0.0,-0.47454519624983954,-0.4736736092984604,447,-0.49279662933638163,47,1
-0.21772145075858101,1.266989801811655,-0.3693648410115938,468,0,-0.977252353504585,-0.47454519624983954,-0.4736736092984604,625,-0.40680540729992204,47,0
-0.20994568466006028,1.266989801811655,0.8273772438659699,393,1,-0.6694349505432314,-0.47454519624983954,-0.4736736092984604,401,-0.49145565916975514,47,2
-0.2060578016107999,-0.7892723355548015,0.8273772438659699,313,1,-0.1307544953608629,1.340131927606843,-0.4736736092984604,246,-0.4888542575852486,47,2
-0.19439415246301878,-0.7892723355548015,0.8273772438659699,404,1,-0.5924805998028931,-0.47454519624983954,-0.4736736092984604,410,-0.49145565916975514,47,2
-0.1905062694137584,-0.7892723355548015,0.8273772438659699,613,0,0.1001085568601522,-0.47454519624983954,-0.4736736092984604,414,-0.4902797934380587,47,2
-0.186618386364498,-0.7892723355548015,-0.3693648410115938,524,1,1.2544238179652276,-0.47454519624983954,-0.4736736092984604,226,-0.12491978668775715,47,2
-0.18273050331523763,-0.7892723355548015,-0.3693648410115938,623,1,-0.5155262490625547,-0.47454519624983954,-0.4736736092984604,146,-0.43700743807979686,47,2
-0.17884262026597728,1.266989801811655,-0.3693648410115938,821,0,-0.1307544953608629,-0.47454519624983954,-0.4736736092984604,140,-0.393717860628643,47,2
-0.1749547372167169,1.266989801811655,0.8273772438659699,592,1,0.7157433627828591,-0.47454519624983954,-0.4736736092984604,663,-0.4888542575852486,47,2
-0.1710668541674565,-0.7892723355548015,0.8273772438659699,6,1,-0.2846631968415396,-0.47454519624983954,-0.4736736092984604,292,-0.4863374216869257,47,2
-0.16717897111819613,-0.7892723355548015,0.8273772438659699,418,0,-0.6694349505432314,0.4327933656785018,-0.4736736092984604,492,-0.4505983519307405,47,2
-0.16329108806893577,-0.7892723355548015,0.8273772438659699,318,1,-0.1307544953608629,0.4327933656785018,-0.4736736092984604,668,-0.32928686163157667,47,2
-0.1594032050196754,-0.7892723355548015,0.8273772438659699,616,0,-0.7463893012835698,-0.47454519624983954,-0.4736736092984604,267,-0.47400492578514347,47,2
-0.155515321970415,-0.7892723355548015,-0.3693648410115938,274,1,0.3309716090811673,0.4327933656785018,-0.4736736092984604,230,-0.22559322262067316,47,2
-0.15162743892115463,-0.7892723355548015,0.8273772438659699,861,1,1.6391955716669195,-0.47454519624983954,-0.4736736092984604,321,-0.49237782784290063,47,2
-0.1438516728226339,-0.7892723355548015,0.8273772438659699,88,1,-0.6694349505432314,-0.47454519624983954,-0.4736736092984604,255,-0.4918744606632361,47,2
-0.13607590672411313,-0.7892723355548015,0.8273772438659699,732,1,0.0,-0.47454519624983954,-0.4736736092984604,367,-0.4894421904510968,47,2
-0.13218802367485277,-0.7892723355548015,0.8273772438659699,343,1,0.0,-0.47454519624983954,-0.4736736092984604,487,-0.5103319284071769,47,1
-0.12441225757633201,-0.7892723355548015,-0.3693648410115938,191,1,0.0,-0.47454519624983954,-0.4736736092984604,135,-0.6484216535389205,47,2
-0.12052437452707164,1.266989801811655,0.8273772438659699,792,1,1.100515116484551,-0.47454519624983954,-0.4736736092984604,655,-0.4888542575852486,47,2
-0.11663649147781126,-0.7892723355548015,0.8273772438659699,528,0,0.0,-0.47454519624983954,-0.4736736092984604,295,-0.4863374216869257,47,2
-0.10497284233003014,-0.7892723355548015,-0.3693648410115938,513,1,0.02315420611981384,-0.47454519624983954,-0.4736736092984604,225,-0.3866707201133388,47,2
-0.09719707623150939,-0.7892723355548015,0.8273772438659699,281,1,0.0,-0.47454519624983954,-0.4736736092984604,392,-0.4894421904510968,47,0
-0.093309193182249,-0.7892723355548015,0.8273772438659699,155,1,-0.6694349505432314,-0.47454519624983954,-0.4736736092984604,534,-0.49271407711891657,47,1
-0.08942131013298864,-0.7892723355548015,0.8273772438659699,884,1,-0.05380014462052453,-0.47454519624983954,-0.4736736092984604,259,-0.4898609919445778,47,2
-0.0777576609852075,-0.7892723355548015,0.8273772438659699,872,1,0.0,-0.47454519624983954,-0.4736736092984604,521,-0.5024451714361923,47,2
-0.07386977793594714,1.266989801811655,-0.3693648410115938,162,0,-0.1307544953608629,0.4327933656785018,-0.4736736092984604,100,-0.12491978668775715,47,2
-0.06998189488668675,1.266989801811655,-0.3693648410115938,662,0,-0.8233436520239081,-0.47454519624983954,-0.4736736092984604,170,-0.12491978668775715,47,2
-0.06609401183742639,-0.7892723355548015,0.8273772438659699,249,1,0.0,-0.47454519624983954,-0.4736736092984604,437,-0.49237782784290063,47,1
-0.062206128788166004,1.266989801811655,0.8273772438659699,663,1,0.17706290760049057,-0.47454519624983954,-0.4736736092984604,644,-0.4863374216869257,115,2
-0.05831824573890563,1.266989801811655,-1.5661069258891576,92,1,-0.1307544953608629,-0.47454519624983954,-0.4736736092984604,3,-0.11384570873513637,71,2
-0.054430362689645254,1.266989801811655,0.8273772438659699,810,0,0.0,0.4327933656785018,-0.4736736092984604,476,-0.32425318983493084,47,2
-0.05054247964038488,1.266989801811655,-0.3693648410115938,491,0,0.9466064150038742,0.4327933656785018,-0.4736736092984604,627,-0.12491978668775715,47,2
-0.0466545965911245,-0.7892723355548015,0.8273772438659699,420,1,-0.977252353504585,-0.47454519624983954,-0.4736736092984604,657,-0.5049620073345151,47,2
-0.02332729829556225,-0.7892723355548015,-0.3693648410115938,447,1,0.1001085568601522,-0.47454519624983954,-0.4736736092984604,547,-0.43700743807979686,47,2
-0.015551532197041501,-0.7892723355548015,0.8273772438659699,323,1,-0.7463893012835698,-0.47454519624983954,-0.4736736092984604,305,-0.45714212526638004,47,2
-0.011663649147781126,-0.7892723355548015,0.8273772438659699,659,1,-0.361617547581878,0.4327933656785018,-0.4736736092984604,328,-0.4918744606632361,47,2
-0.0077757660985207505,1.266989801811655,-0.3693648410115938,679,0,-0.1307544953608629,-0.47454519624983954,-0.4736736092984604,116,-0.3866707201133388,47,2
-0.0038878830492603753,1.266989801811655,0.8273772438659699,402,1,0.0,-0.47454519624983954,-0.4736736092984604,499,-0.48507900373776425,47,2
0.0077757660985207505,1.266989801811655,-1.5661069258891576,735,1,0.3309716090811673,-0.47454519624983954,-0.4736736092984604,45,-0.11384570873513637,47,2
0.015551532197041501,1.266989801811655,-1.5661069258891576,661,1,1.7161499224072578,-0.47454519624983954,-0.4736736092984604,40,-0.034313694348132716,50,2
0.02332729829556225,-0.7892723355548015,0.8273772438659699,316,1,0.0,0.4327933656785018,-0.4736736092984604,497,-0.2463983948905696,47,2
0.027215181344822627,-0.7892723355548015,-1.5661069258891576,257,1,0.02315420611981384,-0.47454519624983954,-0.4736736092984604,22,-0.08968408411123653,53,0
0.03499094744334338,-0.7892723355548015,0.8273772438659699,644,1,0.0,-0.47454519624983954,-0.4736736092984604,528,-0.4863374216869257,47,2
0.03887883049260375,1.266989801811655,0.8273772438659699,392,1,-0.05380014462052453,-0.47454519624983954,-0.4736736092984604,379,-0.4894421904510968,47,0
0.0466545965911245,1.266989801811655,-1.5661069258891576,436,0,0.0,0.4327933656785018,-0.4736736092984604,86,0.395813560675251,97,2
0.05054247964038488,1.266989801811655,-0.3693648410115938,815,0,1.5622412209265812,-0.47454519624983954,-0.4736736092984604,572,-0.43700743807979686,47,2
0.054430362689645254,-0.7892723355548015,0.8273772438659699,603,1,0.0,-0.47454519624983954,-0.4736736092984604,468,-0.49237782784290063,47,1
0.05831824573890563,1.266989801811655,-1.5661069258891576,21,1,1.4083325194459044,-0.47454519624983954,-0.4736736092984604,96,-0.11384570873513637,117,2
0.062206128788166004,-0.7892723355548015,0.8273772438659699,557,1,0.3309716090811673,-0.47454519624983954,-0.4736736092984604,429,-0.4863374216869257,47,2
0.06609401183742639,-0.7892723355548015,-1.5661069258891576,280,1,1.3313781687055661,-0.47454519624983954,-0.4736736092984604,6,0.12676380314453292,133,2
0.06998189488668675,-0.7892723355548015,-0.3693648410115938,538,1,1.4083325194459044,-0.47454519624983954,-0.4736736092984604,121,-0.3866707201133388,47,2
0.07386977793594714,-0.7892723355548015,0.8273772438659699,502,1,0.0,-0.47454519624983954,-0.4736736092984604,539,-0.4863374216869257,47,2
0.0777576609852075,-0.7892723355548015,0.8273772438659699,296,1,0.6387890120425208,-0.47454519624983954,-0.4736736092984604,639,-0.5064721088735089,47,2
0.08164554403446789,-0.7892723355548015,-0.3693648410115938,132,1,0.0,-0.47454519624983954,-0.4736736092984604,135,-0.6484216535389205,47,2
0.08942131013298864,-0.7892723355548015,0.8273772438659699,731,1,0.0,-0.47454519624983954,-0.4736736092984604,421,-0.4928811950225652,47,1
0.09719707623150939,-0.7892723355548015,0.8273772438659699,430,1,0.0,-0.47454519624983954,-0.4736736092984604,272,-0.5024451714361923,47,2
0.10108495928076976,-0.7892723355548015,0.8273772438659699,124,1,0.6387890120425208,-0.47454519624983954,-0.4736736092984604,263,-0.47400492578514347,47,2
0.10886072537929051,1.266989801811655,-0.3693648410115938,401,0,-0.5155262490625547,-0.47454519624983954,-0.4736736092984604,628,-0.3707300882677209,90,0
0.11274860842855089,-0.7892723355548015,0.8273772438659699,787,0,-0.5924805998028931,-0.47454519624983954,-0.4736736092984604,509,-0.45034666834090825,47,2
0.11663649147781126,-0.7892723355548015,-1.5661069258891576,164,1,0.0,-0.47454519624983954,-0.4736736092984604,2,0.39858208016340624,1,2
0.12052437452707164,-0.7892723355548015,-0.3693648410115938,676,1,0.3309716090811673,0.4327933656785018,-0.4736736092984604,252,-0.22559322262067316,47,2
0.12441225757633201,-0.7892723355548015,0.8273772438659699,107,1,-0.05380014462052453,0.4327933656785018,-0.4736736092984604,315,-0.5065566745596926,47,2
0.1283001406255924,-0.7892723355548015,0.8273772438659699,425,1,-0.5924805998028931,-0.47454519624983954,-0.4736736092984604,411,-0.4969926981460655,47,2
0.1399637897733735,-0.7892723355548015,-0.3693648410115938,268,1,0.0,-0.47454519624983954,-0.4736736092984604,136,-0.6484216535389205,47,2
0.1438516728226339,-0.7892723355548015,0.8273772438659699,706,1,1.5622412209265812,-0.47454519624983954,-0.4736736092984604,531,-0.4863374216869257,47,2
0.16717897111819613,-0.7892723355548015,0.8273772438659699,774,1,0.02315420611981384,-0.47454519624983954,-0.4736736092984604,517,-0.4863374216869257,47,2
0.1749547372167169,-0.7892723355548015,0.8273772438659699,317,1,0.0,0.4327933656785018,-0.4736736092984604,498,-0.2463983948905696,47,2
0.17884262026597728,-0.7892723355548015,0.8273772438659699,871,1,-0.6694349505432314,-0.47454519624983954,-0.4736736092984604,649,-0.5024451714361923,47,2
0.1905062694137584,-0.7892723355548015,0.8273772438659699,781,1,-0.6694349505432314,-0.47454519624983954,-0.4736736092984604,518,-0.4863374216869257,47,2
0.19439415246301878,-0.7892723355548015,0.8273772438659699,880,1,0.0,-0.47454519624983954,-0.4736736092984604,176,-0.3573083057891445,47,0
0.2021699185615395,-0.7892723355548015,0.8273772438659699,738,1,0.0,-0.47454519624983954,-0.4736736092984604,564,-0.3443878770215141,47,2
0.20994568466006028,-0.7892723355548015,0.8273772438659699,796,1,-0.4385718983222164,-0.47454519624983954,-0.4736736092984604,402,-0.49145565916975514,47,2
0.21383356770932066,-0.7892723355548015,0.8273772438659699,130,1,-0.977252353504585,-0.47454519624983954,-0.4736736092984604,261,-0.47400492578514347,47,2
0.21772145075858101,-0.7892723355548015,0.8273772438659699,133,0,-0.6694349505432314,-0.47454519624983954,-0.4736736092984604,433,-0.49237782784290063,47,1
0.2216093338078414,-0.7892723355548015,0.8273772438659699,607,0,0.0,-0.47454519624983954,-0.4736736092984604,276,-0.4948100980550399,47,1
0.22549721685710178,-0.7892723355548015,0.8273772438659699,450,0,0.5618346613021824,-0.47454519624983954,-0.4736736092984604,490,-0.455380340137554,47,2
0.24104874905414328,1.266989801811655,-1.5661069258891576,106,1,0.0,-0.47454519624983954,-0.4736736092984604,10,-0.11384570873513637,47,2
0.24493663210340366,-0.7892723355548015,0.8273772438659699,610,1,-0.1307544953608629,-0.47454519624983954,-0.4736736092984604,542,-0.1948878246611338,47,2
0.2527123982019244,1.266989801811655,0.8273772438659699,195,1,-0.05380014462052453,-0.47454519624983954,-0.4736736092984604,479,-0.49237782784290063,47,1
0.2566002812511848,-0.7892723355548015,0.8273772438659699,849,1,0.0,-0.47454519624983954,-0.4736736092984604,648,-0.4863374216869257,47,2
0.26048816430044514,1.266989801811655,-1.5661069258891576,521,1,0.48488031056184405,-0.47454519624983954,-0.4736736092984604,577,-0.11913106412161445,121,2
0.2682639303989659,-0.7892723355548015,0.8273772438659699,168,1,-0.4385718983222164,-0.47454519624983954,-0.4736736092984604,356,-0.4974960653257301,47,2
0.27215181344822625,-0.7892723355548015,-1.5661069258891576,843,1,1.3313781687055661,-0.47454519624983954,-0.4736736092984604,456,0.036576512298389464,106,2
0.27603969649748666,1.266989801811655,-0.3693648410115938,472,0,0.3309716090811673,-0.47454519624983954,-0.4736736092984604,560,-0.43700743807979686,142,2
0.279927579546747,-0.7892723355548015,0.8273772438659699,709,1,0.0,-0.47454519624983954,-0.4736736092984604,469,-0.1621689579829361,47,1
0.28381546259600743,1.266989801811655,-0.3693648410115938,35,0,0.48488031056184405,0.4327933656785018,-0.4736736092984604,110,-0.12491978668775715,47,2
0.2877033456452678,-0.7892723355548015,0.8273772438659699,641,1,0.17706290760049057,-0.47454519624983954,-0.4736736092984604,381,-0.4894421904510968,47,2
0.29547911174378855,-0.7892723355548015,0.8273772438659699,841,1,-0.5924805998028931,-0.47454519624983954,-0.4736736092984604,390,-0.4894421904510968,47,2
0.2993669947930489,-0.7892723355548015,0.8273772438659699,448,1,0.0,-0.47454519624983954,-0.4736736092984604,173,-0.5029485386158568,47,0
0.30714276089156967,-0.7892723355548015,0.8273772438659699,427,1,0.0,-0.47454519624983954,-0.4736736092984604,217,-0.5028639729296732,47,0
0.31103064394083,-0.7892723355548015,0.8273772438659699,244,1,0.8311748888933667,-0.47454519624983954,-0.4736736092984604,446,-0.49237782784290063,47,1
0.31491852699009043,1.266989801811655,-0.3693648410115938,689,0,1.5622412209265812,-0.47454519624983954,-0.4736736092984604,673,-0.43700743807979686,47,2
0.32269429308861114,-0.7892723355548015,0.8273772438659699,725,1,0.7157433627828591,-0.47454519624983954,-0.4736736092984604,250,-0.4888542575852486,47,2
0.33435794223639226,-0.7892723355548015,0.8273772438659699,818,1,0.0,-0.47454519624983954,-0.4736736092984604,181,-0.5028639729296732,47,0
0.34602159138417343,-0.7892723355548015,0.8273772438659699,123,0,0.02315420611981384,-0.47454519624983954,-0.4736736092984604,260,-0.47400492578514347,47,2
0.35379735748269414,-0.7892723355548015,-1.5661069258891576,120,1,1.1774694672248893,-0.47454519624983954,-0.4736736092984604,21,-0.11384570873513637,26,2
0.3615731235812149,-0.7892723355548015,0.8273772438659699,692,1,0.0,-0.47454519624983954,-0.4736736092984604,426,-0.35646868933346404,47,2
0.3810125388275168,1.266989801811655,-0.3693648410115938,73,1,0.17706290760049057,0.4327933656785018,-0.4736736092984604,233,-0.12491978668775715,47,2
0.3926761879752979,1.266989801811655,-0.3693648410115938,74,0,-0.8233436520239081,0.4327933656785018,-0.4736736092984604,233,-0.12491978668775715,47,2
0.3965640710245583,1.266989801811655,-0.3693648410115938,622,1,0.0,-0.47454519624983954,-0.4736736092984604,631,-0.3693045524149108,47,0
0.4121156032215998,-0.7892723355548015,-0.3693648410115938,736,1,-0.20770884610120124,-0.47454519624983954,-0.4736736092984604,148,-0.12491978668775715,47,2
0.41600348627086015,-0.7892723355548015,0.8273772438659699,600,1,0.0,-0.47454519624983954,-0.4736736092984604,284,-0.49078316061772326,47,1
0.41989136932012056,1.266989801811655,0.8273772438659699,463,1,-0.5924805998028931,-0.47454519624983954,-0.4736736092984604,171,-0.5029485386158568,47,0
0.4237792523693809,1.266989801811655,0.8273772438659699,609,0,-0.5924805998028931,-0.47454519624983954,-0.4736736092984604,335,-0.4918744606632361,47,2
0.4315550184679017,1.266989801811655,-1.5661069258891576,228,0,1.4083325194459044,0.4327933656785018,-0.4736736092984604,57,0.1489119590497745,2,0
0.4432186676156828,1.266989801811655,0.8273772438659699,885,0,0.48488031056184405,0.4327933656785018,-0.4736736092984604,300,-0.29807809649237277,47,2
0.44710655066494315,-0.7892723355548015,0.8273772438659699,558,1,0.0,-0.47454519624983954,-0.4736736092984604,471,-0.49237782784290063,47,1
0.45099443371420356,-0.7892723355548015,0.8273772438659699,751,1,0.7926977135231975,-0.47454519624983954,-0.4736736092984604,389,-0.4894421904510968,47,2
0.4548823167634639,-0.7892723355548015,-0.3693648410115938,593,1,-0.1307544953608629,-0.47454519624983954,-0.4736736092984604,103,-0.3766033765200472,47,2
0.4587701998127243,-0.7892723355548015,0.8273772438659699,746,1,0.0,-0.47454519624983954,-0.4736736092984604,651,-0.4863374216869257,47,2
0.4626580828619847,-0.7892723355548015,0.8273772438659699,527,0,0.0,-0.47454519624983954,-0.4736736092984604,645,-0.4863374216869257,47,2
0.46654596591124503,-0.7892723355548015,0.8273772438659699,204,1,-0.4385718983222164,1.340131927606843,-0.4736736092984604,519,-0.1621689579829361,47,2
0.47043384896050544,-0.7892723355548015,0.8273772438659699,786,1,-0.8233436520239081,-0.47454519624983954,-0.4736736092984604,352,-0.4894421904510968,47,2
0.47820961505902615,-0.7892723355548015,0.8273772438659699,217,1,0.0,-0.47454519624983954,-0.4736736092984604,207,-0.5028639729296732,47,0
0.48209749810828656,1.266989801811655,0.8273772438659699,416,1,0.17706290760049057,-0.47454519624983954,-0.4736736092984604,415,-0.4902797934380587,47,2
0.4898732642068073,1.266989801811655,-1.5661069258891576,36,0,1.7931042731475964,1.340131927606843,-0.4736736092984604,60,0.38809593507663365,48,2
0.4937611472560677,1.266989801811655,-1.5661069258891576,251,1,0.48488031056184405,-0.47454519624983954,-0.4736736092984604,578,-0.11711759540295616,121,2
0.49764903030532803,1.266989801811655,0.8273772438659699,432,0,0.0,-0.47454519624983954,-0.4736736092984604,77,-0.49237782784290063,47,1
0.5015369133545884,-0.7892723355548015,0.8273772438659699,708,1,-1.0542067042449232,-0.47454519624983954,-0.4736736092984604,520,-0.4863374216869257,47,2
0.5054247964038489,-0.7892723355548015,0.8273772438659699,639,1,-0.8233436520239081,-0.47454519624983954,-0.4736736092984604,420,-0.35646868933346404,47,2
0.5093126794531092,1.266989801811655,-0.3693648410115938,277,0,0.3309716090811673,-0.47454519624983954,-0.4736736092984604,143,-0.3866707201133388,47,2
0.5170884455516299,-0.7892723355548015,0.8273772438659699,135,0,0.0,0.4327933656785018,-0.4736736092984604,209,-0.3573083057891445,47,0
0.5209763286008903,1.266989801811655,0.8273772438659699,419,1,0.17706290760049057,-0.47454519624983954,-0.4736736092984604,661,-0.4888542575852486,47,2
0.5326399777486714,-0.7892723355548015,-0.3693648410115938,224,1,1.8700586238879346,-0.47454519624983954,-0.4736736092984604,226,-0.12491978668775715,47,2
0.5365278607979318,-0.7892723355548015,-1.5661069258891576,703,1,0.48488031056184405,-0.47454519624983954,-0.4736736092984604,68,0.15948266982273065,0,0
0.5404157438471922,-0.7892723355548015,0.8273772438659699,640,1,0.0,-0.47454519624983954,-0.4736736092984604,291,-0.47299819142581434,47,0
0.548191509945713,-0.7892723355548015,-0.3693648410115938,395,1,1.3313781687055661,-0.47454519624983954,-0.4736736092984604,129,-0.3464013457401724,47,2
0.5559672760442337,-0.7892723355548015,0.8273772438659699,284,1,-0.5924805998028931,-0.47454519624983954,-0.4736736092984604,79,-0.4863374216869257,47,2
0.559855159093494,-0.7892723355548015,0.8273772438659699,566,1,0.0,-0.47454519624983954,-0.4736736092984604,515,-0.4863374216869257,47,2
0.5637430421427544,-0.7892723355548015,0.8273772438659699,691,1,0.40792595982150565,-0.47454519624983954,-0.4736736092984604,656,-0.5049620073345151,47,2
0.5715188082412752,-0.7892723355548015,0.8273772438659699,238,1,1.3313781687055661,-0.47454519624983954,-0.4736736092984604,532,-0.5024451714361923,47,2
0.5792945743397959,-0.7892723355548015,-0.3693648410115938,154,1,0.5618346613021824,0.4327933656785018,-0.4736736092984604,626,-0.12491978668775715,47,2
0.5870703404383166,1.266989801811655,-0.3693648410115938,470,0,0.0,-0.47454519624983954,-0.4736736092984604,155,0.016023023618325298,47,2
0.5909582234875771,-0.7892723355548015,0.8273772438659699,409,1,1.4852868701862427,-0.47454519624983954,-0.4736736092984604,574,-0.6484216535389205,47,2
0.5948461065368374,-0.7892723355548015,0.8273772438659699,98,1,0.0,-0.47454519624983954,-0.4736736092984604,192,-0.5029485386158568,47,0
0.6065097556846185,-0.7892723355548015,0.8273772438659699,761,1,0.0,-0.47454519624983954,-0.4736736092984604,360,-0.4894421904510968,47,2
0.610397638733879,-0.7892723355548015,-1.5661069258891576,335,1,0.0,-0.47454519624983954,-0.4736736092984604,46,0.2052890831722074,47,2
0.6142855217831393,-0.7892723355548015,0.8273772438659699,816,1,1.100515116484551,-0.47454519624983954,-0.4736736092984604,430,-0.4863374216869257,47,2
0.6181734048323997,1.266989801811655,-1.5661069258891576,374,1,0.40792595982150565,-0.47454519624983954,-0.4736736092984604,9,-0.11384570873513637,47,0
0.62206128788166,-0.7892723355548015,0.8273772438659699,483,1,0.48488031056184405,0.4327933656785018,-0.4736736092984604,396,-0.3353272677875516,47,2
0.6259491709309204,-0.7892723355548015,0.8273772438659699,424,1,0.02315420611981384,-0.47454519624983954,-0.4736736092984604,385,-0.4894421904510968,47,2
0.6298370539801809,1.266989801811655,-1.5661069258891576,199,1,-0.20770884610120124,-0.47454519624983954,-0.4736736092984604,50,-0.034313694348132716,47,2
0.6453885861772223,-0.7892723355548015,0.8273772438659699,394,1,0.0,-0.47454519624983954,-0.4736736092984604,638,-0.5064721088735089,47,2
0.6492764692264827,1.266989801811655,0.8273772438659699,568,0,0.0,0.4327933656785018,-0.4736736092984604,444,-0.3363340021468808,47,1
0.6531643522757431,-0.7892723355548015,0.8273772438659699,377,1,0.0,-0.47454519624983954,-0.4736736092984604,467,-0.49237782784290063,47,1
0.6570522353250035,-0.7892723355548015,0.8273772438659699,110,1,0.40792595982150565,-0.47454519624983954,-0.4736736092984604,431,-0.4863374216869257,47,2
0.6687158844727845,-0.7892723355548015,0.8273772438659699,488,0,-0.2846631968415396,0.4327933656785018,-0.4736736092984604,536,-0.32425318983493084,47,2
0.6764916505713053,-0.7892723355548015,-0.3693648410115938,279,1,-0.2846631968415396,-0.47454519624983954,-0.4736736092984604,253,-0.43700743807979686,47,2
0.6803795336205657,-0.7892723355548015,0.8273772438659699,875,1,-0.20770884610120124,0.4327933656785018,-0.4736736092984604,188,-0.3573908580066095,47,0
0.684267416669826,1.266989801811655,-1.5661069258891576,439,1,0.9466064150038742,0.4327933656785018,-0.4736736092984604,56,0.40974072380221066,95,2
0.6920431827683469,-0.7892723355548015,0.8273772438659699,327,1,-0.6694349505432314,-0.47454519624983954,-0.4736736092984604,400,-0.4902797934380587,47,2
0.6959310658176072,-0.7892723355548015,0.8273772438659699,103,1,-0.6694349505432314,-0.47454519624983954,-0.4736736092984604,495,-0.32425318983493084,47,2
0.7114825980146487,-0.7892723355548015,0.8273772438659699,96,1,-0.2846631968415396,-0.47454519624983954,-0.4736736092984604,369,-0.4894421904510968,47,2
0.7153704810639091,-0.7892723355548015,0.8273772438659699,602,1,0.0,-0.47454519624983954,-0.4736736092984604,286,-0.49271407711891657,47,1
0.7231462471624298,-0.7892723355548015,0.8273772438659699,494,1,1.6391955716669195,-0.47454519624983954,-0.4736736092984604,345,-0.5063875431873253,47,2
0.7270341302116902,1.266989801811655,-1.5661069258891576,777,1,0.17706290760049057,-0.47454519624983954,-0.4736736092984604,70,-0.034313694348132716,33,0
0.7309220132609505,-0.7892723355548015,-1.5661069258891576,635,1,0.0,-0.47454519624983954,-0.4736736092984604,13,-0.6484216535389205,47,2
0.7386977793594713,1.266989801811655,-0.3693648410115938,206,0,-0.1307544953608629,-0.47454519624983954,-0.4736736092984604,130,-0.3866707201133388,47,2
0.7425856624087317,-0.7892723355548015,0.8273772438659699,469,1,0.17706290760049057,-0.47454519624983954,-0.4736736092984604,664,-0.4888542575852486,47,2
0.7542493115565129,-0.7892723355548015,0.8273772438659699,809,1,0.0,0.4327933656785018,-0.4736736092984604,476,-0.32425318983493084,47,2
0.7581371946057732,-0.7892723355548015,0.8273772438659699,397,1,-0.7463893012835698,-0.47454519624983954,-0.4736736092984604,409,-0.4902797934380587,47,2
0.7814644929013355,-0.7892723355548015,0.8273772438659699,180,1,-0.8233436520239081,-0.47454519624983954,-0.4736736092984604,373,-0.4894421904510968,47,2
0.7892402589998562,-0.7892723355548015,0.8273772438659699,865,1,0.0,-0.47454519624983954,-0.4736736092984604,620,-0.49640476528021726,47,2
0.7931281420491166,1.266989801811655,0.8273772438659699,780,0,-0.5155262490625547,-0.47454519624983954,-0.4736736092984604,567,-0.49640476528021726,47,2
0.797016025098377,-0.7892723355548015,0.8273772438659699,544,1,0.0,-0.47454519624983954,-0.4736736092984604,366,-0.4894421904510968,47,2
0.8047917911968977,-0.7892723355548015,0.8273772438659699,421,1,-0.6694349505432314,-0.47454519624983954,-0.4736736092984604,512,-0.47861979608830835,47,2
0.808679674246158,1.266989801811655,0.8273772438659699,606,0,0.0,-0.47454519624983954,-0.4736736092984604,277,-0.49078316061772326,47,1
0.8125675572954184,-0.7892723355548015,0.8273772438659699,352,0,-0.9002980027642465,-0.47454519624983954,-0.4736736092984604,439,-0.5125125150294839,47,1
0.8203433233939392,-0.7892723355548015,0.8273772438659699,671,1,0.0,-0.47454519624983954,-0.4736736092984604,368,-0.4894421904510968,47,2
0.8281190894924599,-0.7892723355548015,-0.3693648410115938,232,1,-0.5155262490625547,-0.47454519624983954,-0.4736736092984604,241,-0.3866707201133388,47,2
0.8397827386402411,-0.7892723355548015,0.8273772438659699,57,1,0.7926977135231975,-0.47454519624983954,-0.4736736092984604,172,-0.5029485386158568,47,0
0.8436706216895015,-0.7892723355548015,-1.5661069258891576,171,1,1.3313781687055661,-0.47454519624983954,-0.4736736092984604,496,-0.13322534515222276,132,2
0.8475585047387618,-0.7892723355548015,0.8273772438659699,167,1,0.48488031056184405,-0.47454519624983954,-0.4736736092984604,357,-0.4974960653257301,47,2
0.8514463877880222,1.266989801811655,0.8273772438659699,484,1,-0.7463893012835698,0.4327933656785018,-0.4736736092984604,660,-0.4888542575852486,47,2
0.859222153886543,-0.7892723355548015,-0.3693648410115938,119,1,-0.361617547581878,-0.47454519624983954,-0.4736736092984604,123,-0.3866707201133388,47,2
0.8631100369358033,-0.7892723355548015,0.8273772438659699,699,1,0.0,-0.47454519624983954,-0.4736736092984604,256,-0.4918744606632361,47,2
0.8669979199850637,-0.7892723355548015,0.8273772438659699,179,1,1.0235607657442125,-0.47454519624983954,-0.4736736092984604,529,-0.4863374216869257,47,2
0.8708858030343241,1.266989801811655,-1.5661069258891576,802,0,0.0,0.4327933656785018,-0.4736736092984604,99,0.39858208016340624,58,2
0.8786615691328449,-0.7892723355548015,-1.5661069258891576,202,1,0.1001085568601522,0.4327933656785018,-0.4736736092984604,569,0.39858208016340624,38,2
0.8864373352313656,1.266989801811655,-0.3693648410115938,864,1,0.1001085568601522,-0.47454519624983954,-0.4736736092984604,145,-0.3866707201133388,47,2
0.8903252182806259,-0.7892723355548015,-0.3693648410115938,846,1,0.0,-0.47454519624983954,-0.4736736092984604,138,-0.6484216535389205,47,2
0.8942131013298863,-0.7892723355548015,0.8273772438659699,231,1,-0.9002980027642465,-0.47454519624983954,-0.4736736092984604,397,-0.4918744606632361,47,2
0.8981009843791468,-0.7892723355548015,0.8273772438659699,730,1,-0.4000947229520472,-0.47454519624983954,-0.4736736092984604,294,-0.4863374216869257,47,2
0.9019888674284071,1.266989801811655,0.8273772438659699,824,0,-0.9002980027642465,-0.47454519624983954,-0.4736736092984604,493,-0.45026210265472455,47,2
0.9136525165761882,-0.7892723355548015,0.8273772438659699,655,0,0.0,-0.47454519624983954,-0.4736736092984604,281,-0.48457563655809965,47,1
0.921428282674709,-0.7892723355548015,0.8273772438659699,615,1,-0.7463893012835698,-0.47454519624983954,-0.4736736092984604,500,-0.4626791642426904,47,2
0.9408676979210109,-0.7892723355548015,0.8273772438659699,194,1,-0.8233436520239081,-0.47454519624983954,-0.4736736092984604,372,-0.44363577710162005,47,2
0.9447555809702712,-0.7892723355548015,0.8273772438659699,247,1,-0.9002980027642465,-0.47454519624983954,-0.4736736092984604,403,-0.49145565916975514,47,2
0.9641949962165731,-0.7892723355548015,0.8273772438659699,713,1,-0.361617547581878,-0.47454519624983954,-0.4736736092984604,200,-0.5029485386158568,47,0
0.9719707623150938,-0.7892723355548015,-0.3693648410115938,153,1,1.7161499224072578,-0.47454519624983954,-0.4736736092984604,156,-0.3766033765200472,47,2
0.9758586453643542,-0.7892723355548015,0.8273772438659699,433,1,1.100515116484551,-0.47454519624983954,-0.4736736092984604,425,-0.4863374216869257,47,2
0.9797465284136146,1.266989801811655,0.8273772438659699,565,0,0.0,-0.47454519624983954,-0.4736736092984604,419,-0.49271407711891657,47,1
0.9875222945121354,-0.7892723355548015,0.8273772438659699,382,1,0.9466064150038742,-0.47454519624983954,-0.4736736092984604,346,-0.494391296561559,139,2
0.9952980606106561,1.266989801811655,-1.5661069258891576,743,1,0.40792595982150565,-0.47454519624983954,-0.4736736092984604,579,-0.11913106412161445,120,2
1.0030738267091768,-0.7892723355548015,0.8273772438659699,275,1,-0.361617547581878,-0.47454519624983954,-0.4736736092984604,449,-0.4925449457465493,47,1
1.0069617097584371,-0.7892723355548015,0.8273772438659699,326,1,-0.2846631968415396,0.4327933656785018,-0.4736736092984604,398,-0.4902797934380587,47,2
1.0108495928076977,-0.7892723355548015,-0.3693648410115938,556,1,0.7157433627828591,-0.47454519624983954,-0.4736736092984604,170,-0.12491978668775715,47,2
1.014737475856958,1.266989801811655,-0.3693648410115938,434,0,1.1774694672248893,-0.47454519624983954,-0.4736736092984604,108,-0.3766033765200472,47,2
1.0186253589062184,1.266989801811655,-1.5661069258891576,126,1,0.9466064150038742,-0.47454519624983954,-0.4736736092984604,580,-0.11913106412161445,120,2
1.0302890080539995,1.266989801811655,-1.5661069258891576,514,0,-0.4385718983222164,-0.47454519624983954,-0.4736736092984604,582,0.3483299278831318,84,0
1.0341768911032598,-0.7892723355548015,-1.5661069258891576,443,1,0.0,-0.47454519624983954,-0.4736736092984604,19,-0.11384570873513637,56,2
1.0380647741525202,1.266989801811655,-1.5661069258891576,801,1,1.4083325194459044,0.4327933656785018,-0.4736736092984604,99,0.39858208016340624,58,2
1.0419526572017805,-0.7892723355548015,0.8273772438659699,459,1,-0.05380014462052453,-0.47454519624983954,-0.4736736092984604,506,-0.457478374542396,47,2
1.045840540251041,-0.7892723355548015,-0.3693648410115938,307,1,1.7161499224072578,-0.47454519624983954,-0.4736736092984604,164,-0.3866707201133388,47,2
1.0497284233003012,-0.7892723355548015,0.8273772438659699,773,1,-0.8233436520239081,-0.47454519624983954,-0.4736736092984604,348,-0.494391296561559,140,2
1.0575041893988222,1.266989801811655,-0.3693648410115938,822,0,-0.20770884610120124,-0.47454519624983954,-0.4736736092984604,293,-0.43700743807979686,116,2
1.0613920724480825,-0.7892723355548015,0.8273772438659699,520,1,0.0,-0.47454519624983954,-0.4736736092984604,440,-0.3363340021468808,47,1
1.065279955497343,-0.7892723355548015,0.8273772438659699,410,1,0.25401725834082894,-0.47454519624983954,-0.4736736092984604,319,-0.4918744606632361,47,2
1.0730557215958636,-0.7892723355548015,0.8273772438659699,399,1,-0.977252353504585,0.4327933656785018,-0.4736736092984604,408,-0.5063875431873253,47,2
1.076943604645124,-0.7892723355548015,-0.3693648410115938,286,1,0.3309716090811673,-0.47454519624983954,-0.4736736092984604,65,-0.3866707201133388,47,2
1.0808314876943843,-0.7892723355548015,-0.3693648410115938,368,1,1.5622412209265812,-0.47454519624983954,-0.4736736092984604,161,-0.3866707201133388,47,2
1.0847193707436447,1.266989801811655,-1.5661069258891576,151,1,-0.20770884610120124,0.4327933656785018,-0.4736736092984604,51,0.4207302360686478,137,2
1.088607253792905,-0.7892723355548015,0.8273772438659699,617,1,-0.7463893012835698,-0.47454519624983954,-0.4736736092984604,266,-0.47400492578514347,47,2
1.096383019891426,1.266989801811655,0.8273772438659699,507,0,0.0,-0.47454519624983954,-0.4736736092984604,451,-0.4926295114327329,47,1
1.1002709029406863,-0.7892723355548015,-0.3693648410115938,115,1,-0.361617547581878,0.4327933656785018,-0.4736736092984604,127,-0.12491978668775715,47,2
1.1041587859899467,-0.7892723355548015,0.8273772438659699,387,0,-0.361617547581878,0.4327933656785018,-0.4736736092984604,667,-0.4888542575852486,47,2
1.1119345520884674,-0.7892723355548015,0.8273772438659699,346,1,-1.4389784579466152,-0.47454519624983954,-0.4736736092984604,216,-0.2701412180209885,47,0
1.1158224351377277,-0.7892723355548015,-0.3693648410115938,445,1,0.0,-0.47454519624983954,-0.4736736092984604,137,-0.6484216535389205,47,2
1.119710318186988,-0.7892723355548015,-0.3693648410115938,84,1,-0.5155262490625547,-0.47454519624983954,-0.4736736092984604,228,-0.3866707201133388,47,2
1.1235982012362484,-0.7892723355548015,-0.3693648410115938,820,1,-0.5155262490625547,-0.47454519624983954,-0.4736736092984604,119,-0.3866707201133388,47,2
1.1274860842855088,-0.7892723355548015,0.8273772438659699,869,1,-0.0922773199906937,-0.47454519624983954,-0.4736736092984604,495,-0.32425318983493084,47,2
1.13914973343329,-0.7892723355548015,0.8273772438659699,389,1,0.0,-0.47454519624983954,-0.4736736092984604,349,-0.4894421904510968,47,2
1.1430376164825504,-0.7892723355548015,0.8273772438659699,574,1,0.0,-0.47454519624983954,-0.4736736092984604,364,-0.4894421904510968,47,2
1.1469254995318108,1.266989801811655,-1.5661069258891576,347,1,0.0,-0.47454519624983954,-0.4736736092984604,82,-0.04438103794142432,105,2
1.1585891486795918,-0.7892723355548015,0.8273772438659699,526,1,-0.4385718983222164,0.4327933656785018,-0.4736736092984604,477,-0.32425318983493084,47,2
1.1624770317288522,1.266989801811655,0.8273772438659699,788,1,0.1001085568601522,-0.47454519624983954,-0.4736736092984604,662,-0.4888542575852486,47,2
1.1741406808766333,1.266989801811655,-0.3693648410115938,748,0,0.02315420611981384,-0.47454519624983954,-0.4736736092984604,165,-0.3866707201133388,47,2
1.1780285639258938,-0.7892723355548015,-1.5661069258891576,511,1,-0.8233436520239081,0.4327933656785018,-0.4736736092984604,35,0.4207302360686478,100,2
1.1819164469751542,-0.7892723355548015,0.8273772438659699,176,1,0.1001085568601522,-0.47454519624983954,-0.4736736092984604,287,-0.49237782784290063,47,1
1.1935800961229353,-0.7892723355548015,0.8273772438659699,833,1,0.25401725834082894,-0.47454519624983954,-0.4736736092984604,312,-0.45714212526638004,47,2
1.1974679791721956,-0.7892723355548015,0.8273772438659699,415,1,-0.5155262490625547,-0.47454519624983954,-0.4736736092984604,351,-0.4894421904510968,47,2
1.2091316283199767,-0.7892723355548015,0.8273772438659699,138,1,-0.1307544953608629,-0.47454519624983954,-0.4736736092984604,404,-0.49145565916975514,47,2
1.213019511369237,-0.7892723355548015,-0.3693648410115938,58,1,-0.9002980027642465,-0.47454519624983954,-0.4736736092984604,238,-0.41687275089321363,47,2
1.2169073944184976,-0.7892723355548015,0.8273772438659699,806,1,0.3309716090811673,-0.47454519624983954,-0.4736736092984604,424,-0.4863374216869257,47,2
1.2246831605170183,-0.7892723355548015,0.8273772438659699,276,1,0.0,-0.47454519624983954,-0.4736736092984604,420,-0.35646868933346404,47,2
1.2285710435662787,-0.7892723355548015,0.8273772438659699,591,1,0.8696520642635358,-0.47454519624983954,-0.4736736092984604,646,-0.5049620073345151,47,2
1.232458926615539,1.266989801811655,0.8273772438659699,62,1,-0.7463893012835698,-0.47454519624983954,-0.4736736092984604,191,-0.5028639729296732,47,0
1.2402346927140597,-0.7892723355548015,0.8273772438659699,233,1,-1.0542067042449232,-0.47454519624983954,-0.4736736092984604,327,-0.4918744606632361,47,2
1.2480104588125804,-0.7892723355548015,-1.5661069258891576,109,1,0.0,-0.47454519624983954,-0.4736736092984604,18,0.1489119590497745,47,0
1.2518983418618408,-0.7892723355548015,0.8273772438659699,506,0,0.061631381489983025,-0.47454519624983954,-0.4736736092984604,436,-0.49237782784290063,47,1
1.2557862249111011,-0.7892723355548015,0.8273772438659699,553,1,0.0,0.4327933656785018,-0.4736736092984604,469,-0.1621689579829361,47,1
1.2596741079603617,-0.7892723355548015,0.8273772438659699,309,1,0.17706290760049057,-0.47454519624983954,-0.4736736092984604,511,-0.4800453319411184,47,2
1.263561991009622,-0.7892723355548015,0.8273772438659699,480,1,-0.4385718983222164,-0.47454519624983954,-0.4736736092984604,313,-0.45714212526638004,47,2
1.2674498740588824,-0.7892723355548015,0.8273772438659699,398,1,1.4083325194459044,-0.47454519624983954,-0.4736736092984604,407,-0.4902797934380587,47,2
1.2752256401574031,-0.7892723355548015,0.8273772438659699,235,1,0.0,-0.47454519624983954,-0.4736736092984604,201,-0.5029485386158568,47,0
1.2830014062559238,-0.7892723355548015,0.8273772438659699,569,1,-0.9002980027642465,-0.47454519624983954,-0.4736736092984604,330,-0.49237782784290063,47,2
1.2868892893051842,-0.7892723355548015,0.8273772438659699,812,1,0.0,-0.47454519624983954,-0.4736736092984604,481,-0.49237782784290063,143,1
1.2907771723544446,1.266989801811655,0.8273772438659699,239,0,-1.9007045623886454,-0.47454519624983954,-0.4736736092984604,432,-0.397241430886295,47,2
1.294665055403705,-0.7892723355548015,0.8273772438659699,438,1,0.0,-0.47454519624983954,-0.4736736092984604,450,-0.4926295114327329,47,1
1.3024408215022258,1.266989801811655,0.8273772438659699,50,0,-1.2850697564659384,-0.47454519624983954,-0.4736736092984604,208,-0.5028639729296732,47,0
1.3102165876007466,-0.7892723355548015,-1.5661069258891576,489,1,-0.05380014462052453,-0.47454519624983954,-0.4736736092984604,26,-0.04438103794142432,112,2
1.3179923536992673,-0.7892723355548015,0.8273772438659699,13,1,-0.361617547581878,-0.47454519624983954,-0.4736736092984604,643,-0.5064721088735089,47,2
1.3218802367485276,-0.7892723355548015,0.8273772438659699,330,1,-0.361617547581878,-0.47454519624983954,-0.4736736092984604,474,-0.5024451714361923,47,2
1.325768119797788,1.266989801811655,0.8273772438659699,753,0,-0.9002980027642465,-0.47454519624983954,-0.4736736092984604,243,-0.4974960653257301,47,2
1.3413196519948296,-0.7892723355548015,0.8273772438659699,429,1,0.0,-0.47454519624983954,-0.4736736092984604,66,-0.49237782784290063,47,1
1.34520753504409,-0.7892723355548015,-0.3693648410115938,278,1,-1.0542067042449232,-0.47454519624983954,-0.4736736092984604,139,-0.12491978668775715,47,2
1.3529833011426107,-0.7892723355548015,-1.5661069258891576,380,1,0.0,-0.47454519624983954,-0.4736736092984604,597,-0.030371322596999754,47,0
1.356871184191871,-0.7892723355548015,0.8273772438659699,201,1,-0.361617547581878,-0.47454519624983954,-0.4736736092984604,350,-0.4894421904510968,47,2
1.3607590672411314,-0.7892723355548015,-0.3693648410115938,621,1,0.7157433627828591,-0.47454519624983954,-0.4736736092984604,223,-0.3866707201133388,47,2
1.3646469502903917,1.266989801811655,-1.5661069258891576,462,0,1.4852868701862427,-0.47454519624983954,-0.4736736092984604,87,-0.1263453225405672,94,2
1.368534833339652,1.266989801811655,0.8273772438659699,619,0,0.1001085568601522,-0.47454519624983954,-0.4736736092984604,383,-0.4735861242916626,47,2
1.3724227163889124,-0.7892723355548015,0.8273772438659699,384,1,0.02315420611981384,-0.47454519624983954,-0.4736736092984604,206,-0.5028639729296732,47,0
1.3801984824874334,-0.7892723355548015,-0.3693648410115938,666,1,0.3309716090811673,-0.47454519624983954,-0.4736736092984604,164,-0.3866707201133388,47,2
1.3957500146844748,1.266989801811655,0.8273772438659699,351,1,-0.20770884610120124,-0.47454519624983954,-0.4736736092984604,338,-0.5079822104125026,47,2
1.3996378977337351,-0.7892723355548015,0.8273772438659699,406,1,0.1001085568601522,-0.47454519624983954,-0.4736736092984604,320,-0.4918744606632361,47,2
1.4035257807829955,-0.7892723355548015,-1.5661069258891576,34,1,0.7157433627828591,-0.47454519624983954,-0.4736736092984604,12,-0.6484216535389205,11,2
1.4074136638322559,-0.7892723355548015,0.8273772438659699,660,0,-0.9002980027642465,-0.47454519624983954,-0.4736736092984604,336,-0.4918744606632361,47,2
1.4113015468815162,-0.7892723355548015,-0.3693648410115938,534,1,0.7157433627828591,-0.47454519624983954,-0.4736736092984604,154,-0.3866707201133388,47,2
1.4151894299307766,1.266989801811655,-1.5661069258891576,152,0,0.25401725834082894,0.4327933656785018,-0.4736736092984604,51,0.4207302360686478,137,2
1.419077312980037,-0.7892723355548015,0.8273772438659699,10,1,-0.2846631968415396,-0.47454519624983954,-0.4736736092984604,339,-0.4896093083547455,47,2
1.4229651960292975,-0.7892723355548015,0.8273772438659699,475,1,0.7157433627828591,-0.47454519624983954,-0.4736736092984604,519,-0.1621689579829361,47,2
1.4268530790785579,-0.7892723355548015,-0.3693648410115938,763,1,0.40792595982150565,-0.47454519624983954,-0.4736736092984604,222,-0.43700743807979686,47,2
1.4346288451770786,-0.7892723355548015,0.8273772438659699,814,1,0.061631381489983025,-0.47454519624983954,-0.4736736092984604,427,-0.4863374216869257,47,2
1.438516728226339,-0.7892723355548015,-1.5661069258891576,269,1,0.0,-0.47454519624983954,-0.4736736092984604,15,-0.6484216535389205,16,2
1.4424046112755993,-0.7892723355548015,0.8273772438659699,354,0,-0.5155262490625547,-0.47454519624983954,-0.4736736092984604,671,-0.4888542575852486,47,2
1.45018037737412,-0.7892723355548015,0.8273772438659699,371,1,1.0235607657442125,-0.47454519624983954,-0.4736736092984604,543,-0.5185529211854588,47,2
1.461844026521901,1.266989801811655,0.8273772438659699,493,1,-0.20770884610120124,-0.47454519624983954,-0.4736736092984604,269,-0.47400492578514347,47,2
1.4657319095711616,-0.7892723355548015,-1.5661069258891576,678,1,0.6387890120425208,-0.47454519624983954,-0.4736736092984604,97,-0.6484216535389205,47,2
1.4773955587189427,-0.7892723355548015,0.8273772438659699,250,1,0.0,-0.47454519624983954,-0.4736736092984604,448,-0.5084855775921673,47,1
1.4890592078667237,1.266989801811655,0.8273772438659699,516,1,0.0,-0.47454519624983954,-0.4736736092984604,442,-0.49237782784290063,47,1
1.4968349739652445,1.266989801811655,0.8273772438659699,876,0,-1.1311610549852615,0.4327933656785018,-0.4736736092984604,188,-0.3573908580066095,47,0
1.5046107400637654,-0.7892723355548015,0.8273772438659699,712,1,0.0,-0.47454519624983954,-0.4736736092984604,199,-0.5028639729296732,47,0
1.5084986231130257,-0.7892723355548015,0.8273772438659699,49,1,-0.5155262490625547,-0.47454519624983954,-0.4736736092984604,342,-0.4902797934380587,47,2
1.512386506162286,-0.7892723355548015,0.8273772438659699,19,1,-0.9002980027642465,-0.47454519624983954,-0.4736736092984604,107,-0.48130374989027985,47,2
1.5201622722608068,-0.7892723355548015,0.8273772438659699,638,1,-0.6694349505432314,-0.47454519624983954,-0.4736736092984604,268,-0.47400492578514347,47,2
1.5240501553100672,-0.7892723355548015,0.8273772438659699,750,1,0.0,-0.47454519624983954,-0.4736736092984604,485,-0.4863374216869257,47,2
1.5318259214085879,1.266989801811655,-1.5661069258891576,508,1,0.0,-0.47454519624983954,-0.4736736092984604,62,-0.05042144409739929,68,0
1.5357138044578482,-0.7892723355548015,0.8273772438659699,11,1,-0.7463893012835698,-0.47454519624983954,-0.4736736092984604,647,-0.4888542575852486,47,2
1.5396016875071086,-0.7892723355548015,-0.3693648410115938,564,1,-1.0542067042449232,-0.47454519624983954,-0.4736736092984604,619,-0.43700743807979686,47,2
1.543489570556369,1.266989801811655,-1.5661069258891576,734,0,0.02315420611981384,-0.47454519624983954,-0.4736736092984604,47,-0.024246350754841113,47,0
1.5473774536056295,-0.7892723355548015,0.8273772438659699,471,1,0.3694487844513365,-0.47454519624983954,-0.4736736092984604,205,-0.5188046047752911,47,0
1.5512653366548899,-0.7892723355548015,0.8273772438659699,189,1,-0.977252353504585,-0.47454519624983954,-0.4736736092984604,264,-0.47400492578514347,47,2
1.5551532197041502,-0.7892723355548015,0.8273772438659699,0,1,0.9466064150038742,-0.47454519624983954,-0.4736736092984604,563,-0.49640476528021726,47,2
1.562928985802671,-0.7892723355548015,0.8273772438659699,509,1,0.40792595982150565,-0.47454519624983954,-0.4736736092984604,359,-0.4894421904510968,47,0
1.5901441671474936,-0.7892723355548015,-0.3693648410115938,145,0,1.100515116484551,0.4327933656785018,-0.4736736092984604,144,-0.12491978668775715,47,2
1.6018078162952747,1.266989801811655,-1.5661069258891576,196,1,1.6391955716669195,-0.47454519624983954,-0.4736736092984604,23,-0.11384570873513637,119,2
1.6095835823937954,-0.7892723355548015,0.8273772438659699,672,1,0.0,-0.47454519624983954,-0.4736736092984604,178,-0.5028639729296732,47,0
1.6134714654430558,-0.7892723355548015,0.8273772438659699,325,1,0.8696520642635358,1.340131927606843,-0.4736736092984604,399,-0.36435544630444866,47,2
1.617359348492316,-0.7892723355548015,-0.3693648410115938,283,1,-0.6694349505432314,0.4327933656785018,-0.4736736092984604,221,-0.41687275089321363,47,2
1.6212472315415765,1.266989801811655,-1.5661069258891576,797,0,1.4083325194459044,-0.47454519624983954,-0.4736736092984604,88,-0.1263453225405672,94,2
1.6290229976400974,-0.7892723355548015,-0.3693648410115938,285,1,-0.4385718983222164,-0.47454519624983954,-0.4736736092984604,120,-0.3866707201133388,47,2
1.6329108806893577,1.266989801811655,-0.3693648410115938,122,0,0.9466064150038742,-0.47454519624983954,-0.4736736092984604,126,-0.3866707201133388,47,2
1.636798763738618,1.266989801811655,-0.3693648410115938,230,0,-0.20770884610120124,0.4327933656785018,-0.4736736092984604,632,-0.3693891181010945,47,0
1.6406866467878785,-0.7892723355548015,-1.5661069258891576,696,1,0.1001085568601522,-0.47454519624983954,-0.4736736092984604,590,0.3682954836973478,6,2
1.6445745298371388,-0.7892723355548015,0.8273772438659699,890,1,0.0,-0.47454519624983954,-0.4736736092984604,309,-0.45714212526638004,47,2
1.6523502959356595,-0.7892723355548015,0.8273772438659699,59,1,-0.2846631968415396,-0.47454519624983954,-0.4736736092984604,387,-0.4894421904510968,47,2
1.6601260620341802,-0.7892723355548015,-1.5661069258891576,139,1,0.25401725834082894,-0.47454519624983954,-0.4736736092984604,502,-0.5477482176060045,34,2
1.6640139450834406,-0.7892723355548015,0.8273772438659699,836,1,1.3313781687055661,-0.47454519624983954,-0.4736736092984604,303,-0.46720946885967163,47,2
1.667901828132701,1.266989801811655,-0.3693648410115938,4,0,-0.1307544953608629,0.4327933656785018,-0.4736736092984604,575,-0.16518916106092355,47,0
1.6717897111819615,1.266989801811655,0.8273772438659699,571,0,-1.1311610549852615,-0.47454519624983954,-0.4736736092984604,195,-0.5029485386158568,47,0
1.6756775942312219,-0.7892723355548015,0.8273772438659699,311,1,-0.7463893012835698,-0.47454519624983954,-0.4736736092984604,504,-0.45017955043725955,47,2
1.6795654772804822,-0.7892723355548015,0.8273772438659699,657,1,-0.8233436520239081,-0.47454519624983954,-0.4736736092984604,358,-0.4894421904510968,47,2
1.6834533603297426,-0.7892723355548015,0.8273772438659699,451,1,0.0,-0.47454519624983954,-0.4736736092984604,363,-0.4894421904510968,47,2
1.6951170094775236,-0.7892723355548015,0.8273772438659699,510,1,0.25401725834082894,-0.47454519624983954,-0.4736736092984604,394,-0.4894421904510968,47,2
1.699004892526784,-0.7892723355548015,0.8273772438659699,193,0,-0.5924805998028931,-0.47454519624983954,-0.4736736092984604,508,-0.4366711888037809,47,2
1.7028927755760443,-0.7892723355548015,-0.3693648410115938,61,1,-0.1307544953608629,-0.47454519624983954,-0.4736736092984604,565,-0.43700743807979686,47,2
1.7067806586253047,-0.7892723355548015,0.8273772438659699,793,1,-0.361617547581878,-0.47454519624983954,-0.4736736092984604,650,-0.5064721088735089,47,2
1.7145564247238256,-0.7892723355548015,-0.3693648410115938,548,1,-0.20770884610120124,-0.47454519624983954,-0.4736736092984604,101,-0.3866707201133388,47,2
1.718444307773086,1.266989801811655,-1.5661069258891576,303,0,-0.8233436520239081,-0.47454519624983954,-0.4736736092984604,14,-0.04438103794142432,30,2
1.7262200738716067,1.266989801811655,-1.5661069258891576,81,1,-0.2846631968415396,-0.47454519624983954,-0.4736736092984604,8,-0.04438103794142432,60,0
1.730107956920867,-0.7892723355548015,0.8273772438659699,220,1,0.17706290760049057,-0.47454519624983954,-0.4736736092984604,466,-0.49237782784290063,47,1
